target_date,ewma_violation,gb_violation,historical_violation,actual_return,violation_method_count,exception_category,calendar_month,target_position,cluster_id
2024-12-18,False,False,False,0.0053839193988423,0,no_violation,2024-12,0,
2024-12-19,False,False,False,-0.0096222754623089,0,no_violation,2024-12,1,
2024-12-20,False,False,False,0.0057387052263465,0,no_violation,2024-12,2,
2024-12-23,False,False,False,0.0065665132266042,0,no_violation,2024-12,3,
2024-12-24,False,False,False,-0.0006998830027437,0,no_violation,2024-12,4,
2024-12-25,False,False,False,0.0113665296215134,0,no_violation,2024-12,5,
2024-12-26,False,False,False,-0.0077762282713583,0,no_violation,2024-12,6,
2024-12-27,False,False,False,-0.0028345582539053,0,no_violation,2024-12,7,
2024-12-30,False,False,False,-0.0015059929044343,0,no_violation,2024-12,8,
2024-12-31,False,False,False,0.0032454829990041,0,no_violation,2024-12,9,
2025-01-02,False,False,False,0.0010889770833526,0,no_violation,2025-01,10,
2025-01-03,True,False,True,-0.0225400795601517,2,shared_exactly_2,2025-01,11,1
2025-01-06,False,False,False,-0.0153320590992005,0,no_violation,2025-01,12,
2025-01-07,False,False,False,0.002379021647074,0,no_violation,2025-01,13,
2025-01-08,False,False,False,0.0044331299374319,0,no_violation,2025-01,14,
2025-01-09,False,False,False,-0.0044299970570219,0,no_violation,2025-01,15,
2025-01-10,False,False,False,-0.010203160027968,0,no_violation,2025-01,16,
2025-01-13,False,False,False,0.0040683024709266,0,no_violation,2025-01,17,
2025-01-14,False,False,False,-0.00695120952653,0,no_violation,2025-01,18,
2025-01-15,False,False,False,0.0060395924698202,0,no_violation,2025-01,19,
2025-01-16,False,False,False,0.0065917497517763,0,no_violation,2025-01,20,
2025-01-17,False,False,False,0.0076654057586352,0,no_violation,2025-01,21,
2025-01-20,False,False,False,0.0004242176115947,0,no_violation,2025-01,22,
2025-01-21,False,False,False,-0.000967969380184,0,no_violation,2025-01,23,
2025-01-22,False,False,False,-0.0040504022425889,0,no_violation,2025-01,24,
2025-01-23,False,False,False,0.0270147887826901,0,no_violation,2025-01,25,
2025-01-24,False,False,False,0.0018089611944557,0,no_violation,2025-01,26,
2025-02-03,True,True,True,-0.0218202781796311,3,shared_all_3,2025-02,27,2
2025-02-04,False,False,False,0.0073817297515193,0,no_violation,2025-02,28,
2025-02-05,False,False,False,-0.0015461619871764,0,no_violation,2025-02,29,
2025-02-06,False,False,False,-0.0012164630020381,0,no_violation,2025-02,30,
2025-02-07,False,False,False,-0.0039215384030136,0,no_violation,2025-02,31,
2025-02-10,True,True,True,-0.0334518132524537,3,shared_all_3,2025-02,32,3
2025-02-11,False,False,False,0.0113516485942213,0,no_violation,2025-02,33,
2025-02-12,False,False,False,-0.0041631508002139,0,no_violation,2025-02,34,
2025-02-13,False,False,False,-0.0131719960892866,0,no_violation,2025-02,35,
2025-02-14,False,False,False,0.0092188578130708,0,no_violation,2025-02,36,
2025-02-17,False,False,False,-0.0088853572886208,0,no_violation,2025-02,37,
2025-02-18,False,False,False,0.0080735626728075,0,no_violation,2025-02,38,
2025-02-19,False,False,False,0.0076802726053762,0,no_violation,2025-02,39,
2025-02-20,False,False,False,0.0035868956600501,0,no_violation,2025-02,40,
2025-02-21,False,False,False,0.0047282205117928,0,no_violation,2025-02,41,
2025-02-24,False,False,False,0.0139691243969466,0,no_violation,2025-02,42,
2025-02-25,False,False,False,-0.0065666523204143,0,no_violation,2025-02,43,
2025-02-26,False,False,False,0.0120885938670594,0,no_violation,2025-02,44,
2025-02-27,False,False,False,0.00664437544645,0,no_violation,2025-02,45,
2025-02-28,False,False,False,-0.0094115688383189,0,no_violation,2025-02,46,
2025-03-03,False,False,False,0.0040066729904168,0,no_violation,2025-03,47,
2025-03-04,False,False,False,0.0003895213175172,0,no_violation,2025-03,48,
2025-03-05,False,False,False,-0.0051723606847522,0,no_violation,2025-03,49,
2025-03-06,False,False,False,0.023766531700306,0,no_violation,2025-03,50,
2025-03-07,False,False,False,0.0006755223249054,0,no_violation,2025-03,51,
2025-03-10,False,False,False,-0.0044658912818104,0,no_violation,2025-03,52,
2025-03-11,False,False,False,0.0021768276190319,0,no_violation,2025-03,53,
2025-03-12,False,False,False,-0.0095818029442752,0,no_violation,2025-03,54,
2025-03-13,False,False,False,-0.006026281411089,0,no_violation,2025-03,55,
2025-03-14,False,False,False,-0.0142231559578022,0,no_violation,2025-03,56,
2025-03-17,False,False,False,0.0027057226566521,0,no_violation,2025-03,57,
2025-03-18,False,False,False,-0.0039509490851117,0,no_violation,2025-03,58,
2025-03-19,True,True,True,-0.0304703744692766,3,shared_all_3,2025-03,59,4
2025-03-20,False,False,False,0.0025341517040167,0,no_violation,2025-03,60,
2025-03-21,False,False,False,0.0096407961595015,0,no_violation,2025-03,61,
2025-03-24,False,False,False,0.0026290557050509,0,no_violation,2025-03,62,
2025-03-25,False,False,False,-0.004675436174038,0,no_violation,2025-03,63,
2025-03-26,False,False,False,-0.0033001742656986,0,no_violation,2025-03,64,
2025-03-27,False,False,False,0.0058369292982594,0,no_violation,2025-03,65,
2025-03-28,False,False,False,-0.0133409430464879,0,no_violation,2025-03,66,
2025-03-31,False,False,False,-0.0175114307097339,0,no_violation,2025-03,67,
2025-04-01,False,False,False,-0.0004583336929923,0,no_violation,2025-04,68,
2025-04-02,False,False,False,0.0084672425129049,0,no_violation,2025-04,69,
2025-04-03,True,True,True,-0.0698398647427835,3,shared_all_3,2025-04,70,5
2025-04-04,False,False,True,-0.0229863535299172,1,historical_only,2025-04,71,5
2025-04-08,True,True,True,-0.0692993181899275,3,shared_all_3,2025-04,72,5
2025-04-09,False,True,True,-0.0422980428547177,2,shared_exactly_2,2025-04,73,5
2025-04-10,False,False,False,0.0688777744873256,0,no_violation,2025-04,74,
2025-04-11,False,False,False,0.0634064645981625,0,no_violation,2025-04,75,
2025-04-14,False,False,False,0.0377005782952206,0,no_violation,2025-04,76,
2025-04-15,False,False,False,0.0024704546665769,0,no_violation,2025-04,77,
2025-04-16,False,False,True,-0.029531136557232,1,historical_only,2025-04,78,6
2025-04-17,False,False,False,0.0046230049532194,0,no_violation,2025-04,79,
2025-04-18,False,False,False,0.0026005105438235,0,no_violation,2025-04,80,
2025-04-21,False,False,False,-0.0097435394199689,0,no_violation,2025-04,81,
2025-04-22,False,False,False,0.0075855150650647,0,no_violation,2025-04,82,
2025-04-23,False,False,False,0.0153735522862222,0,no_violation,2025-04,83,
2025-04-24,False,False,False,0.0105876465941865,0,no_violation,2025-04,84,
2025-04-25,False,False,False,0.0069145986815193,0,no_violation,2025-04,85,
2025-04-28,False,False,False,-0.0069040108458571,0,no_violation,2025-04,86,
2025-04-29,False,False,False,-0.0029867399941777,0,no_violation,2025-04,87,
2025-05-05,False,False,False,0.0012869677891865,0,no_violation,2025-05,88,
2025-05-06,False,False,False,-0.0024534062738862,0,no_violation,2025-05,89,
2025-05-07,False,False,False,-0.0029182411309528,0,no_violation,2025-05,90,
2025-05-08,False,False,False,0.0189353442472855,0,no_violation,2025-05,91,
2025-05-09,False,False,False,0.0049988438436587,0,no_violation,2025-05,92,
2025-05-12,False,False,False,0.0055171316291288,0,no_violation,2025-05,93,
2025-05-13,False,False,False,0.023473702115781,0,no_violation,2025-05,94,
2025-05-14,False,False,False,0.0260634945661907,0,no_violation,2025-05,95,
2025-05-15,False,False,False,-0.0018069261776133,0,no_violation,2025-05,96,
2025-05-16,False,False,False,-0.0177478453445079,0,no_violation,2025-05,97,
2025-05-19,False,False,False,-0.0101714581129919,0,no_violation,2025-05,98,
2025-05-20,False,False,False,0.0080428972432277,0,no_violation,2025-05,99,
2025-05-21,False,False,False,-0.0032844551075017,0,no_violation,2025-05,100,
2025-05-22,False,False,False,-0.0054689954004176,0,no_violation,2025-05,101,
2025-05-23,False,False,False,-0.0003518991569269,0,no_violation,2025-05,102,
2025-05-26,False,False,False,0.0013913918504792,0,no_violation,2025-05,103,
2025-05-27,False,False,False,0.003848714314649,0,no_violation,2025-05,104,
2025-05-28,False,False,False,-0.0005138676741144,0,no_violation,2025-05,105,
2025-05-29,False,False,False,-0.0048252030033552,0,no_violation,2025-05,106,
2025-05-30,False,False,False,-0.0105191343363331,0,no_violation,2025-05,107,
2025-06-02,False,False,False,-0.0096845642597274,0,no_violation,2025-06,108,
2025-06-03,False,False,False,0.0171999523767172,0,no_violation,2025-06,109,
2025-06-04,False,False,False,-0.0072491301605031,0,no_violation,2025-06,110,
2025-06-05,False,False,False,-0.0012861149178928,0,no_violation,2025-06,111,
2025-06-06,False,False,False,-0.0077431603996217,0,no_violation,2025-06,112,
2025-06-09,False,False,False,0.006748233748107,0,no_violation,2025-06,113,
2025-06-10,False,False,False,0.0027104888102501,0,no_violation,2025-06,114,
2025-06-11,False,False,False,0.0073091096662791,0,no_violation,2025-06,115,
2025-06-12,False,False,False,0.0178351277987688,0,no_violation,2025-06,116,
2025-06-13,False,False,False,-0.0111508595972082,0,no_violation,2025-06,117,
2025-06-16,False,False,False,0.0206050485563378,0,no_violation,2025-06,118,
2025-06-17,False,False,False,0.0012612183180161,0,no_violation,2025-06,119,
2025-06-18,False,False,False,-0.0049745407367636,0,no_violation,2025-06,120,
2025-06-19,False,False,False,-0.0044265777464665,0,no_violation,2025-06,121,
2025-06-20,False,False,False,0.0021412962676451,0,no_violation,2025-06,122,
2025-06-23,False,False,False,0.0023127441040993,0,no_violation,2025-06,123,
2025-06-24,False,False,False,0.0030360365310437,0,no_violation,2025-06,124,
2025-06-25,False,False,False,0.0047387677853844,0,no_violation,2025-06,125,
2025-06-26,False,False,False,-0.000713559650226,0,no_violation,2025-06,126,
2025-06-27,False,False,False,0.0083658954181616,0,no_violation,2025-06,127,
2025-06-30,False,False,False,-0.0012578206282987,0,no_violation,2025-06,128,
2025-07-01,False,False,False,-0.0040498346761391,0,no_violation,2025-07,129,
2025-07-02,False,False,False,0.004608997988769,0,no_violation,2025-07,130,
2025-07-03,False,False,False,0.0043210675479904,0,no_violation,2025-07,131,
2025-07-04,False,False,False,0.0194303150254477,0,no_violation,2025-07,132,
2025-07-07,False,False,False,0.0095209760093347,0,no_violation,2025-07,133,
2025-07-08,False,False,False,0.0210517052392438,0,no_violation,2025-07,134,
2025-07-09,False,False,False,-0.0014316484547664,0,no_violation,2025-07,135,
2025-07-10,False,False,False,0.0098759745383562,0,no_violation,2025-07,136,
2025-07-11,False,False,False,0.0180663748417027,0,no_violation,2025-07,137,
2025-07-14,False,False,False,0.0034104501394133,0,no_violation,2025-07,138,
2025-07-15,False,False,False,-0.0046201958584353,0,no_violation,2025-07,139,
2025-07-16,False,False,False,0.0120569337696367,0,no_violation,2025-07,140,
2025-07-17,False,False,False,0.0029319207700811,0,no_violation,2025-07,141,
2025-07-18,False,False,False,-0.0029454202892264,0,no_violation,2025-07,142,
2025-07-21,False,False,False,0.0027083791564566,0,no_violation,2025-07,143,
2025-07-22,False,False,False,0.01049665613474,0,no_violation,2025-07,144,
2025-07-23,False,False,False,-0.0011806766997815,0,no_violation,2025-07,145,
2025-07-24,False,False,False,-0.0070287390670425,0,no_violation,2025-07,146,
2025-07-25,False,False,False,0.0022985611922955,0,no_violation,2025-07,147,
2025-07-28,False,False,False,0.0061253695459072,0,no_violation,2025-07,148,
2025-07-29,True,True,True,-0.0455756833763016,3,shared_all_3,2025-07,149,7
2025-07-30,False,False,False,0.0034019085573343,0,no_violation,2025-07,150,
2025-07-31,False,True,True,-0.0214085660035721,2,shared_exactly_2,2025-07,151,7
2025-08-01,False,False,False,0.0117952926289207,0,no_violation,2025-08,152,
2025-08-04,False,False,False,0.009875750945222,0,no_violation,2025-08,153,
2025-08-05,False,False,False,0.0234386216096886,0,no_violation,2025-08,154,
2025-08-06,False,False,False,0.0209719097718336,0,no_violation,2025-08,155,
2025-08-07,False,False,False,0.0213584594192998,0,no_violation,2025-08,156,
2025-08-08,False,False,False,-0.0096166262180784,0,no_violation,2025-08,157,
2025-08-11,False,False,False,0.0048126128986208,0,no_violation,2025-08,158,
2025-08-12,False,False,False,0.0080473716890345,0,no_violation,2025-08,159,
2025-08-13,False,False,True,-0.0181826345959705,1,historical_only,2025-08,160,8
2025-08-14,False,False,False,0.0018297214563019,0,no_violation,2025-08,161,
2025-08-15,False,False,False,-0.0166107199891094,0,no_violation,2025-08,162,
2025-08-18,False,False,False,-0.0005141697096028,0,no_violation,2025-08,163,
2025-08-19,False,False,False,-0.0130649404382563,0,no_violation,2025-08,164,
2025-08-20,False,False,False,-0.0106638614701477,0,no_violation,2025-08,165,
2025-08-21,False,False,False,0.0212874812432314,0,no_violation,2025-08,166,
2025-08-22,True,True,True,-0.0291548029768585,3,shared_all_3,2025-08,167,9
2025-08-25,False,False,False,-0.0085348899615331,0,no_violation,2025-08,168,
2025-08-26,False,False,False,0.0434385607506539,0,no_violation,2025-08,169,
2025-08-27,False,False,False,0.0175533639998104,0,no_violation,2025-08,170,
2025-08-28,False,False,False,0.0129347086202367,0,no_violation,2025-08,171,
2025-08-29,False,False,False,-0.0012638834639342,0,no_violation,2025-08,172,
2025-09-03,False,False,False,0.0037425488188885,0,no_violation,2025-09,173,
2025-09-04,False,False,False,0.0333101965208474,0,no_violation,2025-09,174,
2025-09-05,False,True,True,-0.0274874723988386,2,shared_exactly_2,2025-09,175,10
2025-09-08,False,False,False,-0.0081230021353355,0,no_violation,2025-09,176,
2025-09-09,False,False,False,0.0090368750776726,0,no_violation,2025-09,177,
2025-09-10,False,False,False,-0.0051254754221929,0,no_violation,2025-09,178,
2025-09-11,False,False,False,0.0206994086426458,0,no_violation,2025-09,179,
2025-09-12,False,False,False,0.0092898346599242,0,no_violation,2025-09,180,
2025-09-15,False,False,False,0.0069328316054166,0,no_violation,2025-09,181,
2025-09-16,False,False,False,0.0041614950002356,0,no_violation,2025-09,182,
2025-09-17,False,False,False,-0.0114586501620866,0,no_violation,2025-09,183,
2025-09-18,False,False,False,-0.0062703035056847,0,no_violation,2025-09,184,
2025-09-19,False,False,False,0.0015841796157067,0,no_violation,2025-09,185,
2025-09-22,True,True,True,-0.029291892123153,3,shared_all_3,2025-09,186,11
2025-09-23,False,False,False,0.0028716748912995,0,no_violation,2025-09,187,
2025-09-24,False,False,False,0.0157757000116179,0,no_violation,2025-09,188,
2025-09-25,False,False,False,-0.0086845670781618,0,no_violation,2025-09,189,
2025-09-26,False,False,False,-0.0093599306698715,0,no_violation,2025-09,190,
2025-09-29,False,False,False,-0.0099994821575748,0,no_violation,2025-09,191,
2025-09-30,False,False,False,-0.0109130578895698,0,no_violation,2025-09,192,
2025-10-01,False,False,False,0.0031562423841156,0,no_violation,2025-10,193,
2025-10-02,False,False,False,-0.0095885980333664,0,no_violation,2025-10,194,
2025-10-03,False,False,False,-0.0010469676482118,0,no_violation,2025-10,195,
2025-10-06,False,False,False,0.0287267699537723,0,no_violation,2025-10,196,
2025-10-07,False,False,False,-0.0006010311339953,0,no_violation,2025-10,197,
2025-10-08,False,False,False,0.0108294338232332,0,no_violation,2025-10,198,
2025-10-09,False,False,False,-0.0010070123258442,0,no_violation,2025-10,199,
2025-10-10,False,False,False,0.0162593082448358,0,no_violation,2025-10,200,
2025-10-13,False,False,False,-0.010009277557694,0,no_violation,2025-10,201,
2025-10-14,False,False,False,-0.0083241215426329,0,no_violation,2025-10,202,
2025-10-15,False,False,False,-0.0147567198434056,0,no_violation,2025-10,203,
2025-10-16,False,False,False,0.0055577443902203,0,no_violation,2025-10,204,
2025-10-17,False,False,False,-0.0093514625005136,0,no_violation,2025-10,205,
2025-10-20,True,True,True,-0.0415775358398033,3,shared_all_3,2025-10,206,12
2025-10-21,False,False,False,0.0412668802548782,0,no_violation,2025-10,207,
2025-10-22,False,False,False,0.0190966422778949,0,no_violation,2025-10,208,
2025-10-23,False,False,False,-0.0046491856897268,0,no_violation,2025-10,209,
2025-10-24,False,False,False,0.0082203947383419,0,no_violation,2025-10,210,
2025-10-27,False,False,False,-0.0191138925140303,0,no_violation,2025-10,211,
2025-10-28,False,False,False,0.0344208296705948,0,no_violation,2025-10,212,
2025-10-29,False,False,False,0.0035349949734003,0,no_violation,2025-10,213,
2025-10-30,False,False,False,-0.0017636020200965,0,no_violation,2025-10,214,
2025-10-31,False,False,False,-0.0037739032022918,0,no_violation,2025-10,215,
2025-11-03,False,False,False,-0.0109984669614301,0,no_violation,2025-11,216,
2025-11-04,False,False,False,0.0068941900380453,0,no_violation,2025-11,217,
2025-11-05,False,False,False,-0.0198485905813637,0,no_violation,2025-11,218,
2025-11-06,False,False,False,-0.0044344494824568,0,no_violation,2025-11,219,
2025-11-07,False,False,False,-0.0138239847156065,0,no_violation,2025-11,220,
2025-11-10,False,False,False,-0.0093769680702631,0,no_violation,2025-11,221,
2025-11-11,False,False,False,0.0066819143322842,0,no_violation,2025-11,222,
2025-11-12,False,False,False,0.0313290861797263,0,no_violation,2025-11,223,
2025-11-13,False,False,False,-0.0128068602942918,0,no_violation,2025-11,224,
2025-11-14,False,False,False,0.0134639158396721,0,no_violation,2025-11,225,
2025-11-17,False,False,False,0.0124615064506728,0,no_violation,2025-11,226,
2025-11-18,False,False,False,0.001572788403484,0,no_violation,2025-11,227,
2025-11-19,False,False,False,-0.0078427728552933,0,no_violation,2025-11,228,
2025-11-20,False,False,False,-0.0065837028600247,0,no_violation,2025-11,229,
2025-11-21,False,False,False,0.0038514594834593,0,no_violation,2025-11,230,
2025-11-24,False,False,False,-0.0085978119498254,0,no_violation,2025-11,231,
2025-11-25,False,False,False,-0.0074800153436354,0,no_violation,2025-11,232,
2025-11-26,False,False,False,0.007371491793994,0,no_violation,2025-11,233,
2025-11-27,False,False,False,-0.0016346196839264,0,no_violation,2025-11,234,
2025-11-28,False,False,False,-0.01274858064253,0,no_violation,2025-11,235,
2025-12-01,False,False,False,0.0014363290990341,0,no_violation,2025-12,236,
2025-12-02,False,False,False,0.0,0,no_violation,2025-12,237,
2025-12-03,False,False,False,0.0233984044500974,0,no_violation,2025-12,238,
2025-12-04,False,False,False,0.0137007530223521,0,no_violation,2025-12,239,
2025-12-05,False,False,False,-0.010846929999,0,no_violation,2025-12,240,
2025-12-08,False,False,False,-0.0062622810554833,0,no_violation,2025-12,241,
2025-12-09,False,False,False,-0.0031321954980223,0,no_violation,2025-12,242,
2025-12-10,False,False,False,-0.0051594139112005,0,no_violation,2025-12,243,
2025-12-11,False,False,False,-0.0026612509982904,0,no_violation,2025-12,244,
2025-12-12,True,True,True,-0.0302651959299064,3,shared_all_3,2025-12,245,13
2025-12-15,False,False,False,0.0001135501405075,0,no_violation,2025-12,246,
2025-12-16,False,False,False,0.028010303516165,0,no_violation,2025-12,247,
2025-12-17,False,False,False,-0.0006643354227479,0,no_violation,2025-12,248,
2025-12-18,False,False,False,-0.0064136834849044,0,no_violation,2025-12,249,
2025-12-19,False,False,False,0.0073403303253347,0,no_violation,2025-12,250,
2025-12-22,False,False,False,0.0102868117814571,0,no_violation,2025-12,251,
2025-12-23,False,False,False,0.009037926602661,0,no_violation,2025-12,252,
2025-12-24,False,False,False,-0.0020189356383787,0,no_violation,2025-12,253,
2025-12-25,False,False,False,-0.0135058896079072,0,no_violation,2025-12,254,
2025-12-26,False,False,False,0.0103318250335508,0,no_violation,2025-12,255,
2025-12-29,False,False,False,0.0043542179217244,0,no_violation,2025-12,256,
2025-12-30,False,False,False,0.0106220768049844,0,no_violation,2025-12,257,
2025-12-31,False,False,False,-0.0040672453371589,0,no_violation,2025-12,258,
2026-01-05,False,False,False,-0.0121989694096528,0,no_violation,2026-01,259,
2026-01-06,False,False,False,0.0018236055564046,0,no_violation,2026-01,260,
2026-01-07,False,False,False,0.0245225051497573,0,no_violation,2026-01,261,
2026-01-08,False,False,False,-0.0144783893970269,0,no_violation,2026-01,262,
2026-01-09,False,False,False,-0.005014414186793,0,no_violation,2026-01,263,
2026-01-12,False,False,False,0.0295386507743106,0,no_violation,2026-01,264,
2026-01-13,False,False,False,-0.0066741227691609,0,no_violation,2026-01,265,
2026-01-14,False,False,False,-0.0011910644603958,0,no_violation,2026-01,266,
2026-01-15,False,False,False,-0.0077030008468063,0,no_violation,2026-01,267,
2026-01-16,False,False,False,0.0349496780172586,0,no_violation,2026-01,268,
2026-01-19,False,False,False,0.0014874597447464,0,no_violation,2026-01,269,
2026-01-20,False,False,False,-0.0134219980237224,0,no_violation,2026-01,270,
2026-01-21,False,False,False,-0.0049484313888461,0,no_violation,2026-01,271,
2026-01-22,False,False,False,0.000214610273379,0,no_violation,2026-01,272,
2026-01-23,False,False,False,-0.0119841743597864,0,no_violation,2026-01,273,
2026-01-26,False,True,False,-0.0204367135278289,1,gb_only,2026-01,274,14
2026-01-27,False,False,False,0.0176072636678249,0,no_violation,2026-01,275,
2026-01-28,False,False,False,0.0129017477297967,0,no_violation,2026-01,276,
2026-01-29,False,False,False,0.0257446052888209,0,no_violation,2026-01,277,
2026-01-30,False,False,False,0.0039179625614337,0,no_violation,2026-01,278,
2026-02-02,False,False,False,-0.0008703703782834,0,no_violation,2026-02,279,
2026-02-03,False,False,False,-0.0065359946007144,0,no_violation,2026-02,280,
2026-02-04,False,False,False,0.0139287344067097,0,no_violation,2026-02,281,
2026-02-05,True,True,True,-0.0241151254005902,3,shared_all_3,2026-02,282,15
2026-02-06,False,False,False,-0.0205068110583045,0,no_violation,2026-02,283,
2026-02-09,False,False,False,0.0076638337475073,0,no_violation,2026-02,284,
2026-02-10,False,False,False,-0.0065742735110462,0,no_violation,2026-02,285,
2026-02-11,False,False,False,0.0162318491318526,0,no_violation,2026-02,286,
2026-02-12,False,False,False,0.00488851061178,0,no_violation,2026-02,287,
2026-02-13,False,False,False,-0.0093676127947638,0,no_violation,2026-02,288,
2026-02-23,False,False,False,-0.0010272817789785,0,no_violation,2026-02,289,
2026-02-24,False,False,False,0.0032960807426041,0,no_violation,2026-02,290,
2026-02-25,False,False,False,0.0023694909764975,0,no_violation,2026-02,291,
2026-02-26,False,False,False,0.0085287619426779,0,no_violation,2026-02,292,
2026-02-27,False,False,False,0.0003445538522955,0,no_violation,2026-02,293,
2026-03-02,True,True,True,-0.0264490842834671,3,shared_all_3,2026-03,294,16
2026-03-03,True,True,True,-0.0257468780809326,3,shared_all_3,2026-03,295,16
2026-03-04,False,False,False,-0.0050376645749777,0,no_violation,2026-03,296,
2026-03-05,False,True,False,-0.0216668850327261,1,gb_only,2026-03,297,16
2026-03-06,False,True,False,-0.020825756021846,1,gb_only,2026-03,298,16
2026-03-09,True,True,True,-0.069401999313773,3,shared_all_3,2026-03,299,16
2026-03-10,False,False,False,0.0561052476352858,0,no_violation,2026-03,300,
2026-03-11,False,False,False,0.0292629661063208,0,no_violation,2026-03,301,
2026-03-12,False,False,False,-0.0250850988775761,0,no_violation,2026-03,302,
2026-03-13,False,False,False,-0.0150567356832902,0,no_violation,2026-03,303,
2026-03-16,False,False,False,0.0007864683276824,0,no_violation,2026-03,304,
2026-03-17,False,False,False,0.0156081394329211,0,no_violation,2026-03,305,
2026-03-18,False,False,False,-0.0005591933318852,0,no_violation,2026-03,306,
2026-03-19,False,False,False,-0.0140408750757736,0,no_violation,2026-03,307,
2026-03-20,False,False,True,-0.0304067682412018,1,historical_only,2026-03,308,17
2026-03-23,False,False,True,-0.0349148479622449,1,historical_only,2026-03,309,17
2026-03-24,False,False,False,0.0244270130919907,0,no_violation,2026-03,310,
2026-03-25,False,False,False,0.0262490941372421,0,no_violation,2026-03,311,
2026-03-26,False,False,False,-0.0206888948510042,0,no_violation,2026-03,312,
2026-03-27,False,False,False,0.0268115022438999,0,no_violation,2026-03,313,
2026-03-30,False,False,False,-0.0049532664243133,0,no_violation,2026-03,314,
2026-03-31,False,False,False,0.0072109387016719,0,no_violation,2026-03,315,
2026-04-01,False,False,False,0.0082519619053925,0,no_violation,2026-04,316,
2026-04-02,False,False,False,-0.0026811212447098,0,no_violation,2026-04,317,
2026-04-03,False,False,False,-0.0217241181411419,0,no_violation,2026-04,318,
2026-04-06,False,False,False,-0.0021182960781265,0,no_violation,2026-04,319,
2026-04-07,False,False,False,-0.001535083076819,0,no_violation,2026-04,320,
2026-04-08,False,False,False,0.0545455170202042,0,no_violation,2026-04,321,
2026-04-09,False,False,False,-0.0051845220659069,0,no_violation,2026-04,322,
2026-04-10,False,False,False,-0.0023152109509549,0,no_violation,2026-04,323,
2026-04-13,False,False,False,-0.0104950936273025,0,no_violation,2026-04,324,
2026-04-14,False,False,False,0.0111402104322505,0,no_violation,2026-04,325,
2026-04-15,False,False,False,-0.0171442938606111,0,no_violation,2026-04,326,
2026-04-16,False,False,False,-0.0002361129255545,0,no_violation,2026-04,327,
2026-04-17,False,False,False,0.0320939404352479,0,no_violation,2026-04,328,
2026-04-20,False,False,False,0.0108118299583737,0,no_violation,2026-04,329,
2026-04-21,False,False,False,-0.0131157381409184,0,no_violation,2026-04,330,
2026-04-22,False,False,False,-0.0031361570243012,0,no_violation,2026-04,331,
2026-04-23,False,False,False,-0.0134920774100696,0,no_violation,2026-04,332,
2026-04-24,False,False,False,-0.0067649386631999,0,no_violation,2026-04,333,
2026-04-28,False,False,False,0.0112098352442557,0,no_violation,2026-04,334,
2026-04-29,False,False,False,-0.0013429694123319,0,no_violation,2026-04,335,
2026-05-04,False,False,False,-0.006085252004531,0,no_violation,2026-05,336,
2026-05-05,False,False,False,-0.0013461403759491,0,no_violation,2026-05,337,
2026-05-06,False,False,False,0.0039009834233487,0,no_violation,2026-05,338,
2026-05-07,False,False,False,0.0004216363396861,0,no_violation,2026-05,339,
2026-05-08,False,False,False,-0.0092666684071885,0,no_violation,2026-05,340,
2026-05-11,False,False,False,-0.0174016693465486,0,no_violation,2026-05,341,
2026-05-12,False,False,False,0.0028419328493292,0,no_violation,2026-05,342,
2026-05-13,False,False,False,0.0025286973671126,0,no_violation,2026-05,343,
2026-05-14,False,False,False,0.0165440929781562,0,no_violation,2026-05,344,
2026-05-15,False,False,False,-0.0194866656406763,0,no_violation,2026-05,345,
2026-05-18,False,False,False,-0.0042904913592914,0,no_violation,2026-05,346,
2026-05-19,False,False,False,-0.0076406327733822,0,no_violation,2026-05,347,
2026-05-20,False,False,False,0.0093467148029382,0,no_violation,2026-05,348,
2026-05-21,False,False,False,0.0092573633923154,0,no_violation,2026-05,349,
2026-05-22,False,False,False,-0.0090082979964508,0,no_violation,2026-05,350,
2026-05-25,False,False,False,-0.0079636774553335,0,no_violation,2026-05,351,
2026-05-26,False,False,False,0.0058091031742123,0,no_violation,2026-05,352,
2026-05-27,False,False,False,0.0009275383434294,0,no_violation,2026-05,353,
2026-05-28,False,False,False,-0.0180620175813063,0,no_violation,2026-05,354,
2026-05-29,False,False,False,-0.0041396267996594,0,no_violation,2026-05,355,
2026-06-01,False,False,False,0.0189920272066387,0,no_violation,2026-06,356,
2026-06-02,False,False,False,-0.0012559568359216,0,no_violation,2026-06,357,
2026-06-03,False,False,False,0.0165124334294039,0,no_violation,2026-06,358,
2026-06-04,False,False,False,-0.0049346642432338,0,no_violation,2026-06,359,
2026-06-05,False,False,False,-0.0093289142512601,0,no_violation,2026-06,360,
2026-06-08,True,True,False,-0.0224633589181285,2,shared_exactly_2,2026-06,361,18
2026-06-09,False,False,False,0.01157675623279,0,no_violation,2026-06,362,
2026-06-10,False,False,False,0.006424498818209,0,no_violation,2026-06,363,
2026-06-11,False,False,False,-0.0147200129579407,0,no_violation,2026-06,364,
2026-06-12,False,False,False,-0.0017636996630776,0,no_violation,2026-06,365,
2026-06-15,False,False,False,0.0300475298744235,0,no_violation,2026-06,366,
2026-06-16,False,False,False,-0.0038649822932476,0,no_violation,2026-06,367,
2026-06-17,False,False,False,-0.0080896444558543,0,no_violation,2026-06,368,
2026-06-18,False,False,False,-0.0098002206034552,0,no_violation,2026-06,369,
2026-06-19,False,False,False,-0.0041383959025293,0,no_violation,2026-06,370,
2026-06-22,False,False,False,-0.0075812208624708,0,no_violation,2026-06,371,
2026-06-23,False,False,False,-0.0085109261797538,0,no_violation,2026-06,372,
2026-06-24,False,False,False,0.0107903140298744,0,no_violation,2026-06,373,
2026-06-25,False,False,False,-0.0030439349546248,0,no_violation,2026-06,374,
2026-06-26,False,False,False,0.0060980923870971,0,no_violation,2026-06,375,
2026-06-29,False,False,False,0.0023574001357367,0,no_violation,2026-06,376,
2026-06-30,False,False,False,-0.0096937075623542,0,no_violation,2026-06,377,
2026-07-01,False,False,False,0.0230722006301461,0,no_violation,2026-07,378,
2026-07-02,False,False,False,-0.0037669230946025,0,no_violation,2026-07,379,
2026-07-03,False,False,False,-0.0064117120064604,0,no_violation,2026-07,380,
2026-07-06,False,False,False,-0.00274183922249,0,no_violation,2026-07,381,
2026-07-07,False,False,False,-0.0012134941019785,0,no_violation,2026-07,382,
2026-07-08,False,False,False,0.0020251227347604,0,no_violation,2026-07,383,
2026-07-09,False,False,False,-0.0012458650169695,0,no_violation,2026-07,384,
2026-07-10,True,False,False,-0.0186337094307368,1,ewma_only,2026-07,385,19
2026-07-13,False,False,False,-0.0110681436217606,0,no_violation,2026-07,386,
2026-07-14,False,False,False,0.004061556470474,0,no_violation,2026-07,387,
2026-07-15,True,True,False,-0.0206777473056234,2,shared_exactly_2,2026-07,388,20
2026-07-16,False,False,False,0.0051887404908771,0,no_violation,2026-07,389,
2026-07-17,False,False,False,-0.0101572160395689,0,no_violation,2026-07,390,
2026-07-20,True,False,True,-0.0250602476819061,2,shared_exactly_2,2026-07,391,21
2026-07-21,False,False,False,-0.0050834773294433,0,no_violation,2026-07,392,
2026-07-22,True,True,True,-0.0259120771359495,3,shared_all_3,2026-07,393,21
2026-07-23,False,False,False,0.0063457111128656,0,no_violation,2026-07,394,
2026-07-24,True,True,True,-0.0255614491124538,3,shared_all_3,2026-07,395,21
2026-07-27,True,False,True,-0.0339697166270536,2,shared_exactly_2,2026-07,396,21
2026-07-28,False,False,False,0.0249347908797688,0,no_violation,2026-07,397,
