forecast_date,target_date,actual_return,quantile_return,var,violation,experiment_id
2021-12-30,2021-12-31,0.006838500474531,-0.016101697664088036,0.016101697664088036,False,G01
2021-12-31,2022-01-04,0.0089758765667637,-0.015056891691862483,0.015056891691862483,False,G01
2022-01-04,2022-01-05,-0.0009088672241971,-0.015056891691862483,0.015056891691862483,False,G01
2022-01-05,2022-01-06,-0.0043981826817441,-0.023904615487396787,0.023904615487396787,False,G01
2022-01-06,2022-01-07,-0.0073351410795538,-0.019328964576763603,0.019328964576763603,False,G01
2022-01-07,2022-01-10,-0.0122510538836361,-0.020988946885708508,0.020988946885708508,False,G01
2022-01-10,2022-01-11,-0.0160592689353921,-0.014268425678102924,0.014268425678102924,True,G01
2022-01-11,2022-01-12,0.0190836110690223,-0.02383459753956057,0.02383459753956057,False,G01
2022-01-12,2022-01-13,0.0117184143173093,-0.02058123698430969,0.02058123698430969,False,G01
2022-01-13,2022-01-14,-0.0097870057504166,-0.018035720419662657,0.018035720419662657,False,G01
2022-01-14,2022-01-17,-0.0296339932787395,-0.015851524825517074,0.015851524825517074,True,G01
2022-01-17,2022-01-18,-0.0082038582262877,-0.022967822606938845,0.022967822606938845,False,G01
2022-01-18,2022-01-19,0.0056015330276795,-0.01880642887910651,0.01880642887910651,False,G01
2022-01-19,2022-01-20,0.0070474016170728,-0.018718918800043217,0.018718918800043217,False,G01
2022-01-20,2022-01-21,-0.0095784124445406,-0.01953347845637809,0.01953347845637809,False,G01
2022-01-21,2022-01-24,-0.0392112447279263,-0.018159681317744786,0.018159681317744786,True,G01
2022-01-24,2022-01-25,0.0283299302352217,-0.029936801108443177,0.029936801108443177,False,G01
2022-01-25,2022-01-26,0.001988714715891,-0.027793507770068133,0.027793507770068133,False,G01
2022-01-26,2022-01-27,-0.0114019733547036,-0.015491651887367652,0.015491651887367652,False,G01
2022-01-27,2022-01-28,0.0169267908883486,-0.021104024479401965,0.021104024479401965,False,G01
2022-01-28,2022-02-07,0.0101465436963548,-0.012900832026731037,0.012900832026731037,False,G01
2022-02-07,2022-02-08,0.029470482570055,-0.014707645671245594,0.014707645671245594,False,G01
2022-02-08,2022-02-09,0.0148128404166962,-0.02593439595939182,0.02593439595939182,False,G01
2022-02-09,2022-02-10,0.001009312646659,-0.017306948530133585,0.017306948530133585,False,G01
2022-02-10,2022-02-11,-0.0027612563859532,-0.018371470055068204,0.018371470055068204,False,G01
2022-02-11,2022-02-14,-0.017114557838619,-0.015298435687647157,0.015298435687647157,True,G01
2022-02-14,2022-02-15,0.0022558987374948,-0.018203687268114672,0.018203687268114672,False,G01
2022-02-15,2022-02-16,-0.0002711172866053,-0.02174422826748123,0.02174422826748123,False,G01
2022-02-16,2022-02-17,0.0130337415638718,-0.01643435044638173,0.01643435044638173,False,G01
2022-02-17,2022-02-18,0.0006617615533804,-0.01373460133648018,0.01373460133648018,False,G01
2022-02-18,2022-02-21,0.0015209137293425,-0.02307302418194057,0.02307302418194057,False,G01
2022-02-21,2022-02-22,0.0055488397998914,-0.009692774767469723,0.009692774767469723,False,G01
2022-02-22,2022-02-23,0.0028119341869855,-0.018035720419662657,0.018035720419662657,False,G01
2022-02-23,2022-02-24,-0.0110045558909824,-0.013961088536219994,0.013961088536219994,False,G01
2022-02-24,2022-02-25,0.0023292456034857,-0.018035720419662657,0.018035720419662657,False,G01
2022-02-25,2022-02-28,0.0091018838478182,-0.020855768811760395,0.020855768811760395,False,G01
2022-02-28,2022-03-01,-0.0017161569587302,-0.018310252247113364,0.018310252247113364,False,G01
2022-03-01,2022-03-02,-0.0047391096017211,-0.018848337757840478,0.018848337757840478,False,G01
2022-03-02,2022-03-03,0.0287049378895776,-0.02471917514373166,0.02471917514373166,False,G01
2022-03-03,2022-03-04,-0.0033475575601407,-0.019246815032901245,0.019246815032901245,False,G01
2022-03-04,2022-03-07,0.0059609339226393,-0.020010346159150365,0.020010346159150365,False,G01
2022-03-07,2022-03-08,-0.0072982512894229,-0.0246800201921706,0.0246800201921706,False,G01
2022-03-08,2022-03-09,0.0041807343382112,-0.018035720419662657,0.018035720419662657,False,G01
2022-03-09,2022-03-10,-0.0085825982827776,-0.015153959933805033,0.015153959933805033,False,G01
2022-03-10,2022-03-11,-0.016620980434203,-0.017526047402458174,0.017526047402458174,False,G01
2022-03-11,2022-03-14,-0.0208819631641027,-0.017558852716890384,0.017558852716890384,True,G01
2022-03-14,2022-03-15,-0.0010853306135523,-0.020520971198372623,0.020520971198372623,False,G01
2022-03-15,2022-03-16,0.0024775134377237,-0.018718918800043217,0.018718918800043217,False,G01
2022-03-16,2022-03-17,-0.0019330636934377,-0.016086901701406718,0.016086901701406718,False,G01
2022-03-17,2022-03-18,0.0172346189845546,-0.01785895587943699,0.01785895587943699,False,G01
2022-03-18,2022-03-21,0.0116121376872794,-0.014211469039252456,0.014211469039252456,False,G01
2022-03-21,2022-03-22,0.0049898800862705,-0.020378901108988122,0.020378901108988122,False,G01
2022-03-22,2022-03-23,-0.0008699017055275,-0.020378901108988122,0.020378901108988122,False,G01
2022-03-23,2022-03-24,-0.0070989263196225,-0.018718918800043217,0.018718918800043217,False,G01
2022-03-24,2022-03-25,0.011130444828761,-0.024477684316849033,0.024477684316849033,False,G01
2022-03-25,2022-03-28,0.0171520744319652,-0.010169642470242,0.010169642470242,False,G01
2022-03-28,2022-03-29,0.0284559017787845,-0.018881143072272687,0.018881143072272687,False,G01
2022-03-29,2022-03-30,-0.0038683200232705,-0.02756824842207521,0.02756824842207521,False,G01
2022-03-30,2022-03-31,0.0035348918817001,-0.02254317018045342,0.02254317018045342,False,G01
2022-03-31,2022-04-01,0.0402138704607788,-0.023623767919577803,0.023623767919577803,False,G01
2022-04-01,2022-04-04,-0.0062177916531189,-0.0231089206575894,0.0231089206575894,False,G01
2022-04-04,2022-04-05,0.0013439012979677,-0.013209689005997014,0.013209689005997014,False,G01
2022-04-05,2022-04-06,0.0283098239144413,-0.02053313365424264,0.02053313365424264,False,G01
2022-04-06,2022-04-07,-0.0120532108858655,-0.04516687156872227,0.04516687156872227,False,G01
2022-04-07,2022-04-08,-0.025973590828864,-0.025757301211801968,0.025757301211801968,True,G01
2022-04-08,2022-04-12,0.0007083302361948,-0.024170545803499255,0.024170545803499255,False,G01
2022-04-12,2022-04-13,0.0244947462268694,-0.026319848318270535,0.026319848318270535,False,G01
2022-04-13,2022-04-14,0.0091939023499324,-0.023623767919577803,0.023623767919577803,False,G01
2022-04-14,2022-04-15,-0.0083420832292729,-0.02383459753956057,0.02383459753956057,False,G01
2022-04-15,2022-04-18,-0.0102098136213844,-0.023357729836788296,0.023357729836788296,False,G01
2022-04-18,2022-04-19,-0.0138314716825956,-0.034429353477982476,0.034429353477982476,False,G01
2022-04-19,2022-04-20,-0.0007531254707034,-0.022631991796310355,0.022631991796310355,False,G01
2022-04-20,2022-04-21,0.0001712732476085,-0.021350298782868378,0.021350298782868378,False,G01
2022-04-21,2022-04-22,0.0012668927226335,-0.02004410349560035,0.02004410349560035,False,G01
2022-04-22,2022-04-25,-0.0694854382368597,-0.04122700249689578,0.04122700249689578,True,G01
2022-04-25,2022-04-26,0.0155529385793861,-0.05814612979345882,0.05814612979345882,False,G01
2022-04-26,2022-04-27,0.0027069060325794,-0.04651640522812236,0.04651640522812236,False,G01
2022-04-27,2022-04-28,0.0078705816566901,-0.021139469162885612,0.021139469162885612,False,G01
2022-04-28,2022-04-29,0.0095824846294083,-0.021104024479401965,0.021104024479401965,False,G01
2022-04-29,2022-05-04,-0.0110174697818654,-0.02697429155779706,0.02697429155779706,False,G01
2022-05-04,2022-05-05,0.0008679821866862,-0.0164913070852322,0.0164913070852322,False,G01
2022-05-05,2022-05-06,-0.0225351380952641,-0.012932551706255457,0.012932551706255457,True,G01
2022-05-06,2022-05-09,-0.0585389934656119,-0.026005263670402998,0.026005263670402998,True,G01
2022-05-09,2022-05-10,0.0340695447634803,-0.04195911962170036,0.04195911962170036,False,G01
2022-05-10,2022-05-11,0.0105751915442737,-0.041333371920897366,0.041333371920897366,False,G01
2022-05-11,2022-05-12,-0.0559807548391082,-0.010925120652335533,0.010925120652335533,True,G01
2022-05-12,2022-05-13,-0.0504911763195255,-0.05445012553287487,0.05445012553287487,False,G01
2022-05-13,2022-05-16,-0.0034088569039605,-0.06181834827073706,0.06181834827073706,False,G01
2022-05-16,2022-05-17,0.0640390255775862,-0.0403415957976299,0.0403415957976299,False,G01
2022-05-17,2022-05-18,-0.0019364316239316,-0.04468372785578516,0.04468372785578516,False,G01
2022-05-18,2022-05-19,-0.0061579727861843,-0.031291218928516176,0.031291218928516176,False,G01
2022-05-19,2022-05-20,0.0019629660679956,-0.03159630419617972,0.03159630419617972,False,G01
2022-05-20,2022-05-23,-0.0193580884480382,-0.01963975628905945,0.01963975628905945,False,G01
2022-05-23,2022-05-24,-0.0051761748909557,-0.007607190017811162,0.007607190017811162,False,G01
2022-05-24,2022-05-25,0.0338340978263341,-0.015014185017599099,0.015014185017599099,False,G01
2022-05-25,2022-05-26,0.0072022445325956,-0.043539349024177186,0.043539349024177186,False,G01
2022-05-26,2022-05-27,0.0422897590198742,-0.01654763361600504,0.01654763361600504,False,G01
2022-05-27,2022-05-30,-0.0048912313679913,-0.04249803463245849,0.04249803463245849,False,G01
2022-05-30,2022-05-31,-0.0120397996110911,-0.013484220833447717,0.013484220833447717,False,G01
2022-05-31,2022-06-01,0.0039177594438722,-0.014707645671245594,0.014707645671245594,False,G01
2022-06-01,2022-06-02,-0.0075893090626393,-0.020839633023586445,0.020839633023586445,False,G01
2022-06-02,2022-06-03,0.0224561144840362,-0.016833114676412443,0.016833114676412443,False,G01
2022-06-03,2022-06-06,-0.0006506831483871,-0.01928980962520254,0.01928980962520254,False,G01
2022-06-06,2022-06-07,0.0051949172684222,-0.01551762360646081,0.01551762360646081,False,G01
2022-06-07,2022-06-08,-0.0040031712493952,-0.02840905964401432,0.02840905964401432,False,G01
2022-06-08,2022-06-09,0.0087150403240225,-0.02131650072635872,0.02131650072635872,False,G01
2022-06-09,2022-06-10,-0.0234135781158759,-0.01844438697259251,0.01844438697259251,True,G01
2022-06-10,2022-06-13,-0.0569580130322258,-0.018035720419662657,0.018035720419662657,True,G01
2022-06-13,2022-06-14,0.0037575944112016,-0.05279505415469118,0.05279505415469118,False,G01
2022-06-14,2022-06-15,0.0050715568503915,-0.02046551252736577,0.02046551252736577,False,G01
2022-06-15,2022-06-16,0.0467534334922854,-0.026863706969238413,0.026863706969238413,False,G01
2022-06-16,2022-06-17,-0.0090622252246455,-0.016689576894955243,0.016689576894955243,False,G01
2022-06-17,2022-06-20,-0.0392987139294633,-0.04803850861775676,0.04803850861775676,False,G01
2022-06-20,2022-06-21,-0.0246479020112733,-0.06390380909568857,0.06390380909568857,False,G01
2022-06-21,2022-06-22,-0.0226047243951319,-0.053661829087312915,0.053661829087312915,False,G01
2022-06-22,2022-06-23,0.021472479808832,-0.04603410349352624,0.04603410349352624,False,G01
2022-06-23,2022-06-24,-0.0027954501638712,-0.030441845720182582,0.030441845720182582,False,G01
2022-06-24,2022-06-27,0.0187554155879819,-0.02051392400082838,0.02051392400082838,False,G01
2022-06-27,2022-06-28,0.0125697465653958,-0.017348023096907618,0.017348023096907618,False,G01
2022-06-28,2022-06-29,0.0058043442334489,-0.013936937211801753,0.013936937211801753,False,G01
2022-06-29,2022-06-30,-0.0274570366022427,-0.018644484038510475,0.018644484038510475,True,G01
2022-06-30,2022-07-01,0.0027050502208086,-0.02584298061549826,0.02584298061549826,False,G01
2022-07-01,2022-07-04,-0.0227000060741805,-0.020803204480928372,0.020803204480928372,True,G01
2022-07-04,2022-07-05,-0.0176412620460313,-0.022155124093538082,0.022155124093538082,False,G01
2022-07-05,2022-07-06,-0.0220756974278101,-0.02584298061549826,0.02584298061549826,False,G01
2022-07-06,2022-07-07,0.0030210953351278,-0.03373390996057708,0.03373390996057708,False,G01
2022-07-07,2022-07-08,0.0180628952752846,-0.015241479048796688,0.015241479048796688,False,G01
2022-07-08,2022-07-11,-0.011615462291187,-0.011450032982818699,0.011450032982818699,True,G01
2022-07-11,2022-07-12,0.0060491248055054,-0.02053313365424264,0.02053313365424264,False,G01
2022-07-12,2022-07-13,-0.0080733821796936,-0.01618019823174683,0.01618019823174683,False,G01
2022-07-13,2022-07-14,-0.0056237247186757,-0.00941824294001902,0.00941824294001902,False,G01
2022-07-14,2022-07-15,0.0066377379156564,-0.016086901701406718,0.016086901701406718,False,G01
2022-07-15,2022-07-18,-0.0079706007911983,-0.018035720419662657,0.018035720419662657,False,G01
2022-07-18,2022-07-19,-0.0122663080945193,-0.020147693039618164,0.020147693039618164,False,G01
2022-07-19,2022-07-20,0.0174324337379664,-0.018718918800043217,0.018718918800043217,False,G01
2022-07-20,2022-07-21,0.0215099971856114,-0.02261018252411641,0.02261018252411641,False,G01
2022-07-21,2022-07-22,-0.0048739269562226,-0.019226339943028314,0.019226339943028314,False,G01
2022-07-22,2022-07-25,-0.0095121275610886,-0.023020037883225694,0.023020037883225694,False,G01
2022-07-25,2022-07-26,-0.0077555469158649,-0.021405731737994496,0.021405731737994496,False,G01
2022-07-26,2022-07-27,-0.0093012456968529,-0.017583004041308643,0.017583004041308643,False,G01
2022-07-27,2022-07-28,0.0005330896989334,-0.020104369281537415,0.020104369281537415,False,G01
2022-07-28,2022-07-29,-0.0092435657474927,-0.01373460133648018,0.01373460133648018,False,G01
2022-07-29,2022-08-01,0.0236031948943672,-0.014211469039252456,0.014211469039252456,False,G01
2022-08-01,2022-08-02,0.0093256148071253,-0.013936937211801753,0.013936937211801753,False,G01
2022-08-02,2022-08-03,0.010585956629003,-0.02004120915542552,0.02004120915542552,False,G01
2022-08-03,2022-08-04,0.0085293160482948,-0.009895110642791296,0.009895110642791296,False,G01
2022-08-04,2022-08-05,-0.006155242885472,-0.020010346159150365,0.020010346159150365,False,G01
2022-08-05,2022-08-08,0.0060630417097057,-0.015153959933805033,0.015153959933805033,False,G01
2022-08-08,2022-08-09,0.0099879780944048,-0.014677092231032756,0.014677092231032756,False,G01
2022-08-09,2022-08-10,-0.0032591434119324,-0.015056891691862483,0.015056891691862483,False,G01
2022-08-10,2022-08-11,-0.008728710986029,-0.022470253262929115,0.022470253262929115,False,G01
2022-08-11,2022-08-12,0.0097181477644161,-0.017558852716890384,0.017558852716890384,False,G01
2022-08-12,2022-08-15,0.0206389642552056,-0.019564341452653247,0.019564341452653247,False,G01
2022-08-15,2022-08-16,0.0120232318998789,-0.013936937211801753,0.013936937211801753,False,G01
2022-08-16,2022-08-17,-0.0099852932460375,-0.020010346159150365,0.020010346159150365,False,G01
2022-08-17,2022-08-18,-0.0045569263814126,-0.017526047402458174,0.017526047402458174,False,G01
2022-08-18,2022-08-19,-0.0129175138169876,-0.015056891691862483,0.015056891691862483,False,G01
2022-08-19,2022-08-22,0.0064980958096616,-0.01880642887910651,0.01880642887910651,False,G01
2022-08-22,2022-08-23,0.0070339945590989,-0.018035720419662657,0.018035720419662657,False,G01
2022-08-23,2022-08-24,-0.0018502366248039,-0.017526047402458174,0.017526047402458174,False,G01
2022-08-24,2022-08-25,0.0132097855293363,-0.015851524825517074,0.015851524825517074,False,G01
2022-08-25,2022-08-26,0.0171964127399744,-0.01373460133648018,0.01373460133648018,False,G01
2022-08-26,2022-08-29,-0.0014911242385919,-0.018035720419662657,0.018035720419662657,False,G01
2022-08-29,2022-08-30,-0.0028971699000962,-0.018881143072272687,0.018881143072272687,False,G01
2022-08-30,2022-08-31,0.0033693216889771,-0.016086901701406718,0.016086901701406718,False,G01
2022-08-31,2022-09-05,0.0047637194525326,-0.015491651887367652,0.015491651887367652,False,G01
2022-09-05,2022-09-06,-0.0046976556913354,-0.021347693310577516,0.021347693310577516,False,G01
2022-09-06,2022-09-07,-0.0247836391418192,-0.01673943571404526,0.01673943571404526,True,G01
2022-09-07,2022-09-08,0.0064220713200118,-0.023813245259548876,0.023813245259548876,False,G01
2022-09-08,2022-09-09,0.0123823425718406,-0.021624830610319085,0.021624830610319085,False,G01
2022-09-09,2022-09-12,0.0104945870593609,-0.01953347845637809,0.01953347845637809,False,G01
2022-09-12,2022-09-13,-0.0010260885683495,-0.013460069509029476,0.013460069509029476,False,G01
2022-09-13,2022-09-14,-0.0041680217138982,-0.0158751129640833,0.0158751129640833,False,G01
2022-09-14,2022-09-15,-0.0017206658973046,-0.01783338454434109,0.01783338454434109,False,G01
2022-09-15,2022-09-16,-0.0217265345413631,-0.011199652479786236,0.011199652479786236,True,G01
2022-09-16,2022-09-19,-0.0096519504410865,-0.018035720419662657,0.018035720419662657,False,G01
2022-09-19,2022-09-20,0.0120560171047355,-0.03125195050554673,0.03125195050554673,False,G01
2022-09-20,2022-09-21,-0.0137619292259463,-0.014966947221345983,0.014966947221345983,False,G01
2022-09-21,2022-09-22,0.0044497660497561,-0.022803161739907932,0.022803161739907932,False,G01
2022-09-22,2022-09-23,-0.0096611395282352,-0.01373460133648018,0.01373460133648018,False,G01
2022-09-23,2022-09-26,-0.0149365188434135,-0.01997389617194421,0.01997389617194421,False,G01
2022-09-26,2022-09-27,-0.0085008900162612,-0.018925996037928404,0.018925996037928404,False,G01
2022-09-27,2022-09-28,-0.0296056052013146,-0.0266686314739236,0.0266686314739236,True,G01
2022-09-28,2022-09-29,-0.011688632461688,-0.018881143072272687,0.018881143072272687,False,G01
2022-09-29,2022-09-30,0.0081076469173086,-0.025028420959163387,0.025028420959163387,False,G01
2022-09-30,2022-10-03,-0.0602543007172786,-0.02254968317529097,0.02254968317529097,True,G01
2022-10-03,2022-10-04,-0.0049481584996136,-0.054654062202762616,0.054654062202762616,False,G01
2022-10-04,2022-10-05,0.0164037140105653,-0.03024433855876647,0.03024433855876647,False,G01
2022-10-05,2022-10-06,-0.0513854342451004,-0.017526047402458174,0.017526047402458174,True,G01
2022-10-06,2022-10-07,-0.0412946015058279,-0.04970060773547472,0.04970060773547472,False,G01
2022-10-07,2022-10-10,0.0334525858463251,-0.05519464383019539,0.05519464383019539,False,G01
2022-10-10,2022-10-11,-0.0390758523727863,-0.045018448562873785,0.045018448562873785,False,G01
2022-10-11,2022-10-12,0.0421033887596884,-0.04967477832169527,0.04967477832169527,False,G01
2022-10-12,2022-10-13,0.0175752547795387,-0.04325843319529113,0.04325843319529113,False,G01
2022-10-13,2022-10-14,0.017128297033236,-0.018295663326925695,0.018295663326925695,False,G01
2022-10-14,2022-10-17,-0.0100328339849048,-0.014305492161639502,0.014305492161639502,False,G01
2022-10-17,2022-10-18,-0.0010674464251495,-0.01997389617194421,0.01997389617194421,False,G01
2022-10-18,2022-10-19,-0.005499970624924,-0.027568548854557277,0.027568548854557277,False,G01
2022-10-19,2022-10-20,0.0014794225389878,-0.01679639235289573,0.01679639235289573,False,G01
2022-10-20,2022-10-21,-0.0616907553360183,-0.00941824294001902,0.00941824294001902,True,G01
2022-10-21,2022-10-24,-0.0458236290203585,-0.051167531610146096,0.051167531610146096,False,G01
2022-10-24,2022-10-25,0.0331819028076257,-0.04724852235292694,0.04724852235292694,False,G01
2022-10-25,2022-10-26,-0.0016104092543261,-0.04834984303551205,0.04834984303551205,False,G01
2022-10-26,2022-10-27,0.0279333000494947,-0.0266686314739236,0.0266686314739236,False,G01
2022-10-27,2022-10-28,-0.0157231913180724,-0.020984690501475906,0.020984690501475906,False,G01
2022-10-28,2022-10-31,-0.03027675586511,-0.025580136563111335,0.025580136563111335,True,G01
2022-10-31,2022-11-01,-0.0240631410709734,-0.0180769033495462,0.0180769033495462,True,G01
2022-11-01,2022-11-02,-0.0126731953859587,-0.04458379741591374,0.04458379741591374,False,G01
2022-11-02,2022-11-03,0.0077093915915844,-0.03702701743442417,0.03702701743442417,False,G01
2022-11-03,2022-11-04,-0.0406585325207331,-0.020646416823865952,0.020646416823865952,True,G01
2022-11-04,2022-11-07,-0.0461089602854831,-0.0293929424574753,0.0293929424574753,True,G01
2022-11-07,2022-11-08,0.0031588755631444,-0.05572167059932364,0.05572167059932364,False,G01
2022-11-08,2022-11-09,0.0060974963691482,-0.046211319960458824,0.046211319960458824,False,G01
2022-11-09,2022-11-10,-0.0502992257172326,-0.021139469162885612,0.021139469162885612,True,G01
2022-11-10,2022-11-11,0.0095199285779648,-0.05519464383019539,0.05519464383019539,False,G01
2022-11-11,2022-11-14,-0.0301887843787106,-0.022249970780944497,0.022249970780944497,True,G01
2022-11-14,2022-11-15,-0.0379655721132695,-0.050257728409000106,0.050257728409000106,False,G01
2022-11-15,2022-11-16,0.0629508878765987,-0.05623114498799499,0.05623114498799499,False,G01
2022-11-16,2022-11-17,0.0418411955115185,-0.0512313385269655,0.0512313385269655,False,G01
2022-11-17,2022-11-18,0.0249447889932075,-0.04217879457350739,0.04217879457350739,False,G01
2022-11-18,2022-11-21,-0.0216568626285707,-0.043539349024177186,0.043539349024177186,False,G01
2022-11-21,2022-11-22,-0.0050588593890101,-0.01850649294690846,0.01850649294690846,False,G01
2022-11-22,2022-11-23,-0.0202329421990438,-0.036550149731651896,0.036550149731651896,False,G01
2022-11-23,2022-11-24,-0.009448244728148,-0.017863124685956678,0.017863124685956678,False,G01
2022-11-24,2022-11-25,0.0300090027349455,-0.01782489079967989,0.01782489079967989,False,G01
2022-11-25,2022-11-28,0.0542329872878249,-0.03816957762052042,0.03816957762052042,False,G01
2022-11-28,2022-11-29,0.0434369449728073,-0.016843191446801166,0.016843191446801166,False,G01
2022-11-29,2022-11-30,0.0304302831619331,-0.045398357072248624,0.045398357072248624,False,G01
2022-11-30,2022-12-01,-0.0034453870025946,-0.024456885606097593,0.024456885606097593,False,G01
2022-12-01,2022-12-02,0.0571288055481456,-0.04096688650625066,0.04096688650625066,False,G01
2022-12-02,2022-12-05,0.01748479360471,-0.04229308605002245,0.04229308605002245,False,G01
2022-12-05,2022-12-06,-0.0557368566150412,-0.01976878757221645,0.01976878757221645,True,G01
2022-12-06,2022-12-07,-0.0003658267978896,-0.04775799674159829,0.04775799674159829,False,G01
2022-12-07,2022-12-08,0.0225964693186582,-0.02447582838865894,0.02447582838865894,False,G01
2022-12-08,2022-12-09,0.0110387229325915,-0.017718333992151742,0.017718333992151742,False,G01
2022-12-09,2022-12-12,-0.016791763871513,-0.012117992049920572,0.012117992049920572,True,G01
2022-12-12,2022-12-13,0.0117318430767768,-0.03215951220635878,0.03215951220635878,False,G01
2022-12-13,2022-12-14,-0.000118808429673,-0.020435587203883186,0.020435587203883186,False,G01
2022-12-14,2022-12-15,0.0126046062761381,-0.00941824294001902,0.00941824294001902,False,G01
2022-12-15,2022-12-16,0.0249693044012221,-0.016464903886594554,0.016464903886594554,False,G01
2022-12-16,2022-12-19,-0.0169303382434841,-0.02082902679938494,0.02082902679938494,False,G01
2022-12-19,2022-12-20,-0.0211255993699313,-0.022155124093538082,0.022155124093538082,False,G01
2022-12-20,2022-12-21,5.544796397701402e-05,-0.050532201538274625,0.050532201538274625,False,G01
2022-12-21,2022-12-22,0.0007531254707034,-0.042590306618538645,0.042590306618538645,False,G01
2022-12-22,2022-12-23,-0.0112445851888217,-0.016159818618931024,0.016159818618931024,False,G01
2022-12-23,2022-12-26,-0.0529449339144818,-0.015274284363228897,0.015274284363228897,True,G01
2022-12-26,2022-12-27,0.0322878373720194,-0.05392781271858885,0.05392781271858885,False,G01
2022-12-27,2022-12-28,-0.0060223855853627,-0.02139193299289219,0.02139193299289219,False,G01
2022-12-28,2022-12-29,-0.006731596550821,-0.016086901701406718,0.016086901701406718,False,G01
2022-12-29,2022-12-30,0.0029940119760479,-0.021347693310577516,0.021347693310577516,False,G01
2022-12-30,2023-01-03,0.044666710216314,-0.020788455828279085,0.020788455828279085,False,G01
2023-01-03,2023-01-04,-0.0005986983754159,-0.010955665772991311,0.010955665772991311,False,G01
2023-01-04,2023-01-05,0.0101128847144445,-0.013209689005997014,0.013209689005997014,False,G01
2023-01-05,2023-01-06,-0.0113861454820008,-0.019258946628927385,0.019258946628927385,False,G01
2023-01-06,2023-01-09,-0.0056029603734268,-0.02107316148312681,0.02107316148312681,False,G01
2023-01-09,2023-01-10,0.0055115611267588,-0.015217120059916942,0.015217120059916942,False,G01
2023-01-10,2023-01-11,0.0116369285195708,-0.019629249352700967,0.019629249352700967,False,G01
2023-01-11,2023-01-12,-0.0067790516484528,-0.015491651887367652,0.015491651887367652,False,G01
2023-01-12,2023-01-13,-0.0050314772797722,-0.015241479048796688,0.015241479048796688,False,G01
2023-01-13,2023-01-16,0.0071093533944063,-0.022558787923816104,0.022558787923816104,False,G01
2023-01-16,2023-01-17,0.0371461920622858,-0.01953347845637809,0.01953347845637809,False,G01
2023-01-17,2023-01-18,0.0211566585294377,-0.014307239935575335,0.014307239935575335,False,G01
2023-01-18,2023-01-19,-0.0015738508039233,-0.019735814331699658,0.019735814331699658,False,G01
2023-01-19,2023-01-27,0.008132414762081,-0.014782359864411778,0.014782359864411778,False,G01
2023-01-27,2023-01-30,0.0047144320355239,-0.018848337757840478,0.018848337757840478,False,G01
2023-01-30,2023-01-31,0.0067956440723374,-0.019792770970550128,0.019792770970550128,False,G01
2023-01-31,2023-02-01,-0.0166616340424076,-0.015968519590139924,0.015968519590139924,True,G01
2023-02-01,2023-02-02,0.0224498590395755,-0.02073112146727072,0.02073112146727072,False,G01
2023-02-02,2023-02-03,-0.024313801803657,-0.027594499987679447,0.027594499987679447,False,G01
2023-02-03,2023-02-06,-0.0022032310738556,-0.020010346159150365,0.020010346159150365,False,G01
2023-02-06,2023-02-07,-0.0315835225359541,-0.018096938227617498,0.018096938227617498,True,G01
2023-02-07,2023-02-08,0.0120424200129325,-0.056576784175494554,0.056576784175494554,False,G01
2023-02-08,2023-02-09,-0.0097981310235928,-0.022332340560470655,0.022332340560470655,False,G01
2023-02-09,2023-02-10,-0.0160515926811433,-0.020258601826791935,0.020258601826791935,False,G01
2023-02-10,2023-02-13,-0.0016594272728579,-0.017031334914116368,0.017031334914116368,False,G01
2023-02-13,2023-02-14,0.0069972838147312,-0.020788455828279085,0.020788455828279085,False,G01
2023-02-14,2023-02-15,0.0083807255799532,-0.02137855630685267,0.02137855630685267,False,G01
2023-02-15,2023-02-16,0.0123168789855236,-0.0169743782752659,0.0169743782752659,False,G01
2023-02-16,2023-02-17,-0.0049556878852176,-0.01673943571404526,0.01673943571404526,False,G01
2023-02-17,2023-02-20,0.0272680523412208,-0.001255794299069205,0.001255794299069205,False,G01
2023-02-20,2023-02-21,-0.0032310706352352,-0.013460069509029476,0.013460069509029476,False,G01
2023-02-21,2023-02-22,-0.0214001300492322,-0.0164913070852322,0.0164913070852322,True,G01
2023-02-22,2023-02-23,0.0032279108475316,-0.024248005455054043,0.024248005455054043,False,G01
2023-02-23,2023-02-24,-0.0204030443047046,-0.019258946628927385,0.019258946628927385,True,G01
2023-02-24,2023-02-27,-0.0259340293450069,-0.015023903860196452,0.015023903860196452,True,G01
2023-02-27,2023-02-28,-0.0049619299408314,-0.018310252247113364,0.018310252247113364,False,G01
2023-02-28,2023-03-01,0.0216892940033032,-0.01440770973904755,0.01440770973904755,False,G01
2023-03-01,2023-03-02,-0.0108571335896383,-0.01782489079967989,0.01782489079967989,False,G01
2023-03-02,2023-03-03,-0.0177754200307026,-0.0193402622566576,0.0193402622566576,False,G01
2023-03-03,2023-03-06,-0.0005875151766786,-0.017558852716890384,0.017558852716890384,False,G01
2023-03-06,2023-03-07,0.0167538361968185,-0.019869426720316778,0.019869426720316778,False,G01
2023-03-07,2023-03-08,0.0018144273445124,-0.009895110642791296,0.009895110642791296,False,G01
2023-03-08,2023-03-09,0.0097229595677187,-0.018718918800043217,0.018718918800043217,False,G01
2023-03-09,2023-03-10,-0.0049833598178157,-0.014211469039252456,0.014211469039252456,False,G01
2023-03-10,2023-03-13,-0.0085284573336991,-0.02349308999934124,0.02349308999934124,False,G01
2023-03-13,2023-03-14,-0.0201901708440532,-0.015491651887367652,0.015491651887367652,True,G01
2023-03-14,2023-03-15,0.0360020423507704,-0.019315903267777854,0.019315903267777854,False,G01
2023-03-15,2023-03-16,-0.0173473710407225,-0.020855768811760395,0.020855768811760395,False,G01
2023-03-16,2023-03-17,-0.0082254388552525,-0.02383459753956057,0.02383459753956057,False,G01
2023-03-17,2023-03-20,-0.0234442741069536,-0.021350298782868378,0.021350298782868378,True,G01
2023-03-20,2023-03-21,0.0133046666680665,-0.018035720419662657,0.018035720419662657,False,G01
2023-03-21,2023-03-22,-0.0053933605591367,-0.013209689005997014,0.013209689005997014,False,G01
2023-03-22,2023-03-23,-0.0019765887551254,-0.01953347845637809,0.01953347845637809,False,G01
2023-03-23,2023-03-24,0.0038710999767686,-0.017044396223102116,0.017044396223102116,False,G01
2023-03-24,2023-03-27,0.0098937373825313,-0.017155420949233974,0.017155420949233974,False,G01
2023-03-27,2023-03-28,0.0076257905047555,-0.010169642470242,0.010169642470242,False,G01
2023-03-28,2023-03-29,-0.0026184705346135,-0.020855768811760395,0.020855768811760395,False,G01
2023-03-29,2023-03-30,-0.0004902266487042,-0.019564341452653247,0.019564341452653247,False,G01
2023-03-30,2023-03-31,-0.0004526525439072,-0.01953347845637809,0.01953347845637809,False,G01
2023-03-31,2023-04-03,0.0148437262869299,-0.020378901108988122,0.020378901108988122,False,G01
2023-04-03,2023-04-04,0.0068652383653625,-0.014211469039252456,0.014211469039252456,False,G01
2023-04-04,2023-04-05,0.0062773576949225,-0.020010346159150365,0.020010346159150365,False,G01
2023-04-05,2023-04-06,-0.0066634171384527,-0.024028796621142715,0.024028796621142715,False,G01
2023-04-06,2023-04-07,-0.0048994207144437,-0.024954552019621306,0.024954552019621306,False,G01
2023-04-07,2023-04-10,0.0083904758779563,-0.014677092231032756,0.014677092231032756,False,G01
2023-04-10,2023-04-11,-0.0008026101014623,-0.018035720419662657,0.018035720419662657,False,G01
2023-04-11,2023-04-12,-0.0002824118127709,-0.018506395902952142,0.018506395902952142,False,G01
2023-04-12,2023-04-13,-0.0051773296380686,-0.01953347845637809,0.01953347845637809,False,G01
2023-04-13,2023-04-14,-0.0053765348241681,-0.023632261664239002,0.023632261664239002,False,G01
2023-04-14,2023-04-17,0.0020350082279479,-0.022817702007904127,0.022817702007904127,False,G01
2023-04-17,2023-04-18,0.001477407799826,-0.017889818875712147,0.017889818875712147,False,G01
2023-04-18,2023-04-19,0.0017820159236852,-0.014344647113200566,0.014344647113200566,False,G01
2023-04-19,2023-04-20,-0.0003655832910135,-0.023632261664239002,0.023632261664239002,False,G01
2023-04-20,2023-04-21,-0.0111527182932246,-0.015851524825517074,0.015851524825517074,False,G01
2023-04-21,2023-04-24,-0.0092523240386923,-0.01783338454434109,0.01783338454434109,False,G01
2023-04-24,2023-04-25,-0.002598892747321,-0.014211469039252456,0.014211469039252456,False,G01
2023-04-25,2023-04-26,0.0207971480756994,-0.023357729836788296,0.023357729836788296,False,G01
2023-04-26,2023-04-27,-0.0023023145499592,-0.019735814331699658,0.019735814331699658,False,G01
2023-04-27,2023-04-28,0.0006191296921161,-0.015851524825517074,0.015851524825517074,False,G01
2023-04-28,2023-05-04,-0.0121765630496204,-0.014211469039252456,0.014211469039252456,False,G01
2023-05-04,2023-05-05,0.001002152379972,-0.022817702007904127,0.022817702007904127,False,G01
2023-05-05,2023-05-08,0.0031552916816607,-0.016696947478127104,0.016696947478127104,False,G01
2023-05-08,2023-05-09,0.0057826835662311,-0.01785895587943699,0.01785895587943699,False,G01
2023-05-09,2023-05-10,0.0080371721183604,-0.009692774767469723,0.009692774767469723,False,G01
2023-05-10,2023-05-11,-0.0014142059665427,-0.01373460133648018,0.01373460133648018,False,G01
2023-05-11,2023-05-12,0.0177383685353598,-0.01953347845637809,0.01953347845637809,False,G01
2023-05-12,2023-05-15,-0.0024670195930334,-0.011215035090522225,0.011215035090522225,False,G01
2023-05-15,2023-05-16,-0.0033460984239821,-0.01919578650281549,0.01919578650281549,False,G01
2023-05-16,2023-05-17,-0.0055515111842359,-0.02004120915542552,0.02004120915542552,False,G01
2023-05-17,2023-05-18,0.0075371410333288,-0.024109129367011276,0.024109129367011276,False,G01
2023-05-18,2023-05-19,-0.0009635821634531,-0.015968519590139924,0.015968519590139924,False,G01
2023-05-19,2023-05-22,0.0025929472693077,-0.018718918800043217,0.018718918800043217,False,G01
2023-05-22,2023-05-23,-0.0077328081830263,-0.019634049844427133,0.019634049844427133,False,G01
2023-05-23,2023-05-24,-0.0116372846248567,-0.023632261664239002,0.023632261664239002,False,G01
2023-05-24,2023-05-25,0.0066576737830806,-0.024477684316849033,0.024477684316849033,False,G01
2023-05-25,2023-05-26,-4.1294379703497425e-05,-0.014211469039252456,0.014211469039252456,False,G01
2023-05-26,2023-05-29,0.0097671234493585,-0.019564341452653247,0.019564341452653247,False,G01
2023-05-29,2023-05-30,0.0079440001815304,-0.014344647113200566,0.014344647113200566,False,G01
2023-05-30,2023-05-31,-0.0036088497312695,-0.014211469039252456,0.014211469039252456,False,G01
2023-05-31,2023-06-01,0.0017601685262561,-0.02754475420813897,0.02754475420813897,False,G01
2023-06-01,2023-06-02,0.01694752914982,-0.01953347845637809,0.01953347845637809,False,G01
2023-06-02,2023-06-05,0.0089006773650243,-0.010169642470242,0.010169642470242,False,G01
2023-06-05,2023-06-06,0.0074161051063449,-0.019521346860351948,0.019521346860351948,False,G01
2023-06-06,2023-06-07,0.0119508434795478,-0.017526047402458174,0.017526047402458174,False,G01
2023-06-07,2023-06-08,-0.0117081877849168,-0.019521346860351948,0.019521346860351948,False,G01
2023-06-08,2023-06-09,0.011581566382377,-0.020067302798000834,0.020067302798000834,False,G01
2023-06-09,2023-06-12,0.0147169210085266,-0.018848337757840478,0.018848337757840478,False,G01
2023-06-12,2023-06-13,0.0047469123952134,-0.015693987762689217,0.015693987762689217,False,G01
2023-06-13,2023-06-14,-0.0124482196040913,-0.020010346159150365,0.020010346159150365,False,G01
2023-06-14,2023-06-15,-0.0024889899780597,-0.023632261664239002,0.023632261664239002,False,G01
2023-06-15,2023-06-16,0.0030285588261558,-0.020378901108988122,0.020378901108988122,False,G01
2023-06-16,2023-06-19,0.0007765783395085,-0.014782359864411778,0.014782359864411778,False,G01
2023-06-19,2023-06-20,0.0153662487522003,-0.020795730685988015,0.020795730685988015,False,G01
2023-06-20,2023-06-21,0.0160559924666267,-0.01373460133648018,0.01373460133648018,False,G01
2023-06-21,2023-06-22,0.0049704411075595,-0.01373460133648018,0.01373460133648018,False,G01
2023-06-22,2023-06-23,0.0046841226996514,-0.017306948530133585,0.017306948530133585,False,G01
2023-06-23,2023-06-26,0.011202909153268,-0.018718918800043217,0.018718918800043217,False,G01
2023-06-26,2023-06-27,0.012752272558008,-0.014305492161639502,0.014305492161639502,False,G01
2023-06-27,2023-06-28,0.0069929946495955,-0.020855768811760395,0.020855768811760395,False,G01
2023-06-28,2023-06-29,-0.0211056366043865,-0.015056891691862483,0.015056891691862483,True,G01
2023-06-29,2023-06-30,0.0073703501645494,-0.023663124660514158,0.023663124660514158,False,G01
2023-06-30,2023-07-03,-0.0001779431631168,-0.024002564388012584,0.024002564388012584,False,G01
2023-07-03,2023-07-04,0.0050301688734957,-0.019024004067706747,0.019024004067706747,False,G01
2023-07-04,2023-07-05,0.0095583629026515,-0.015056891691862483,0.015056891691862483,False,G01
2023-07-05,2023-07-06,-0.0014536634116244,-0.013936937211801753,0.013936937211801753,False,G01
2023-07-06,2023-07-07,0.0265098300671389,-0.0232945697106764,0.0232945697106764,False,G01
2023-07-07,2023-07-10,0.019388169144712,-0.024469190572187834,0.024469190572187834,False,G01
2023-07-10,2023-07-11,0.0011431087501213,-0.014782359864411778,0.014782359864411778,False,G01
2023-07-11,2023-07-12,0.0001179257734151,-0.019871174494252603,0.019871174494252603,False,G01
2023-07-12,2023-07-13,0.004132186198478,-0.018718918800043217,0.018718918800043217,False,G01
2023-07-13,2023-07-14,0.0173314117756443,-0.015491651887367652,0.015491651887367652,False,G01
2023-07-14,2023-07-17,-0.004899724745882,-0.010169642470242,0.010169642470242,False,G01
2023-07-17,2023-07-18,-0.0065510652170525,-0.01561178177257027,0.01561178177257027,False,G01
2023-07-18,2023-07-19,0.0046541761281664,-0.018229258603210573,0.018229258603210573,False,G01
2023-07-19,2023-07-20,0.0215795798712085,-0.013207083533706164,0.013207083533706164,False,G01
2023-07-20,2023-07-21,0.0284150701407261,-0.019246815032901245,0.019246815032901245,False,G01
2023-07-21,2023-07-24,0.010975976738417,-0.02058123698430969,0.02058123698430969,False,G01
2023-07-24,2023-07-25,-0.0043030177020656,-0.017251515575007467,0.017251515575007467,False,G01
2023-07-25,2023-07-26,0.001232703626158,-0.01953347845637809,0.01953347845637809,False,G01
2023-07-26,2023-07-27,0.0168330083679568,-0.01953347845637809,0.01953347845637809,False,G01
2023-07-27,2023-07-28,0.0040696247527649,-0.019792770970550128,0.019792770970550128,False,G01
2023-07-28,2023-07-31,-0.0013506500036099,-0.019564341452653247,0.019564341452653247,False,G01
2023-07-31,2023-08-01,-0.0249733249016596,-0.014782359864411778,0.014782359864411778,True,G01
2023-08-01,2023-08-02,-0.0039248203427307,-0.023865460535835725,0.023865460535835725,False,G01
2023-08-02,2023-08-03,-0.0006836700760028,-0.017526047402458174,0.017526047402458174,False,G01
2023-08-03,2023-08-04,0.0065898777571647,-0.01399389385065222,0.01399389385065222,False,G01
2023-08-04,2023-08-07,0.012139522705124,-0.015968519590139924,0.015968519590139924,False,G01
2023-08-07,2023-08-08,-0.006502926524311,-0.018718918800043217,0.018718918800043217,False,G01
2023-08-08,2023-08-09,-0.003327201154114,-0.019903781180151674,0.019903781180151674,False,G01
2023-08-09,2023-08-10,-0.0127386319492344,-0.018035720419662657,0.018035720419662657,False,G01
2023-08-10,2023-08-11,0.0116731054995941,-0.018775875438893686,0.018775875438893686,False,G01
2023-08-11,2023-08-14,0.0136219158784574,-0.015217120059916942,0.015217120059916942,False,G01
2023-08-14,2023-08-15,0.0019238126045246,-0.014211469039252456,0.014211469039252456,False,G01
2023-08-15,2023-08-16,0.0031189987382647,-0.02383459753956057,0.02383459753956057,False,G01
2023-08-16,2023-08-17,0.0059217294534041,-0.020010346159150365,0.020010346159150365,False,G01
2023-08-17,2023-08-18,-0.0437926635030288,-0.01399389385065222,0.01399389385065222,True,G01
2023-08-18,2023-08-21,-0.0101247823317101,-0.04732235155297376,0.04732235155297376,False,G01
2023-08-21,2023-08-22,0.0085543532362204,-0.017615649182700234,0.017615649182700234,False,G01
2023-08-22,2023-08-23,-0.0084214992645248,-0.05181117134123022,0.05181117134123022,False,G01
2023-08-23,2023-08-24,0.0300522695325977,-0.021350298782868378,0.021350298782868378,False,G01
2023-08-24,2023-08-25,-0.0009887032968119,-0.023831462229542667,0.023831462229542667,False,G01
2023-08-25,2023-08-28,0.032086668878502,-0.023632261664239002,0.023632261664239002,False,G01
2023-08-28,2023-08-29,0.0081122706600174,-0.019735814331699658,0.019735814331699658,False,G01
2023-08-29,2023-08-30,0.0189054913129344,-0.018718918800043217,0.018718918800043217,False,G01
2023-08-30,2023-08-31,0.0052789993903465,-0.015217120059916942,0.015217120059916942,False,G01
2023-08-31,2023-09-05,0.0057459027236099,-0.018718918800043217,0.018718918800043217,False,G01
2023-09-05,2023-09-06,0.0262951415774664,-0.015217120059916942,0.015217120059916942,False,G01
2023-09-06,2023-09-07,-0.007644208608121,-0.018195193523453473,0.018195193523453473,False,G01
2023-09-07,2023-09-08,0.0030632563629812,-0.0246800201921706,0.0246800201921706,False,G01
2023-09-08,2023-09-11,-0.0152786430756276,-0.015217120059916942,0.015217120059916942,True,G01
2023-09-11,2023-09-12,0.0219138966533047,-0.022117144534321953,0.022117144534321953,False,G01
2023-09-12,2023-09-13,0.0031904928599144,-0.013209689005997014,0.013209689005997014,False,G01
2023-09-13,2023-09-14,-0.0154859230778701,-0.02446084027019911,0.02446084027019911,False,G01
2023-09-14,2023-09-15,-0.0048781073170283,-0.021350298782868378,0.021350298782868378,False,G01
2023-09-15,2023-09-18,-0.0074087404792867,-0.01844438697259251,0.01844438697259251,False,G01
2023-09-18,2023-09-19,0.0147794226478277,-0.018775875438893686,0.018775875438893686,False,G01
2023-09-19,2023-09-20,0.0051632391998105,-0.013936937211801753,0.013936937211801753,False,G01
2023-09-20,2023-09-21,-0.0153170691307799,-0.019024004067706747,0.019024004067706747,False,G01
2023-09-21,2023-09-22,-0.0263244394815737,-0.023345598240762155,0.023345598240762155,True,G01
2023-09-22,2023-09-25,-0.0310100371103666,-0.02500469892116699,0.02500469892116699,True,G01
2023-09-25,2023-09-26,0.002932819853143,-0.05216976344607042,0.05216976344607042,False,G01
2023-09-26,2023-09-27,0.0098066826613449,-0.019315903267777854,0.019315903267777854,False,G01
2023-09-27,2023-09-28,0.0066651124177154,-0.019258946628927385,0.019258946628927385,False,G01
2023-09-28,2023-09-29,-0.0104644751502925,-0.019258946628927385,0.019258946628927385,False,G01
2023-09-29,2023-10-02,-0.0043445613310776,-0.0158751129640833,0.0158751129640833,False,G01
2023-10-02,2023-10-03,-0.0398765429937311,-0.0006457485223488194,0.0006457485223488194,True,G01
2023-10-03,2023-10-04,0.0083602040741856,-0.044690460858132226,0.044690460858132226,False,G01
2023-10-04,2023-10-05,-0.0227987736632848,-0.018854900809224126,0.018854900809224126,True,G01
2023-10-05,2023-10-06,0.0140538777668116,-0.02304893787316543,0.02304893787316543,False,G01
2023-10-06,2023-10-09,0.0152878010848466,-0.0169743782752659,0.0169743782752659,False,G01
2023-10-09,2023-10-10,0.0152483222605692,-0.012900832026731037,0.012900832026731037,False,G01
2023-10-10,2023-10-11,0.0079812858459831,-0.015491651887367652,0.015491651887367652,False,G01
2023-10-11,2023-10-12,-0.0132393225130859,-0.015241479048796688,0.015241479048796688,False,G01
2023-10-12,2023-10-13,0.0059532703145134,-0.010169642470242,0.010169642470242,False,G01
2023-10-13,2023-10-16,-0.0134033317533804,-0.020378901108988122,0.020378901108988122,False,G01
2023-10-16,2023-10-17,-0.0310406581756294,-0.018881143072272687,0.018881143072272687,True,G01
2023-10-17,2023-10-18,-0.0225992729415142,-0.02721800439785644,0.02721800439785644,False,G01
2023-10-18,2023-10-19,-0.0206378003500223,-0.04786295196741499,0.04786295196741499,False,G01
2023-10-19,2023-10-20,0.0256243308682393,-0.026660176603967876,0.026660176603967876,False,G01
2023-10-20,2023-10-23,-0.0241678070570716,-0.022332340560470655,0.022332340560470655,True,G01
2023-10-23,2023-10-24,0.0036529680365296,-0.025028420959163387,0.025028420959163387,False,G01
2023-10-24,2023-10-25,0.0005156545492693,-0.01844438697259251,0.01844438697259251,False,G01
2023-10-25,2023-10-26,-0.0439282546408036,-0.021347693310577516,0.021347693310577516,True,G01
2023-10-26,2023-10-27,0.0089697494675953,-0.04278907237840355,0.04278907237840355,False,G01
2023-10-27,2023-10-30,-0.0246607118165481,-0.0266686314739236,0.0266686314739236,False,G01
2023-10-30,2023-10-31,-0.0308128641043745,-0.017031334914116368,0.017031334914116368,True,G01
2023-10-31,2023-11-01,0.0003080301427086,-0.025805001056282133,0.025805001056282133,False,G01
2023-11-01,2023-11-02,0.0502322886863435,-0.05040651120632176,0.05040651120632176,False,G01
2023-11-02,2023-11-03,0.008112759392135,-0.05181117134123022,0.05181117134123022,False,G01
2023-11-03,2023-11-06,0.0067011685926845,-0.02756363699140429,0.02756363699140429,False,G01
2023-11-06,2023-11-07,0.0011568688511804,-0.01844438697259251,0.01844438697259251,False,G01
2023-11-07,2023-11-08,0.0434098326757769,-0.019315903267777854,0.019315903267777854,False,G01
2023-11-08,2023-11-09,0.0023449329831053,-0.04147901504676208,0.04147901504676208,False,G01
2023-11-09,2023-11-10,-0.0136530353899644,-0.018921254675364783,0.018921254675364783,False,G01
2023-11-10,2023-11-13,0.0136810984797282,-0.019792770970550128,0.019792770970550128,False,G01
2023-11-13,2023-11-14,0.014403207908915,-0.019735814331699658,0.019735814331699658,False,G01
2023-11-14,2023-11-15,0.0024212121599924,-0.015217120059916942,0.015217120059916942,False,G01
2023-11-15,2023-11-16,0.0016178517828278,-0.019735814331699658,0.019735814331699658,False,G01
2023-11-16,2023-11-17,-0.0167368888922546,-0.018718918800043217,0.018718918800043217,False,G01
2023-11-17,2023-11-20,-0.0061096013639952,-0.0293929424574753,0.0293929424574753,False,G01
2023-11-20,2023-11-21,0.0123310952887126,-0.015167044287263946,0.015167044287263946,False,G01
2023-11-21,2023-11-22,-0.0029441040598597,-0.013207083533706164,0.013207083533706164,False,G01
2023-11-22,2023-11-23,-0.0455359238893177,-0.019521346860351948,0.019521346860351948,True,G01
2023-11-23,2023-11-24,0.0198650111254855,-0.05576222451915967,0.05576222451915967,False,G01
2023-11-24,2023-11-27,-0.0078504060605255,-0.019629249352700967,0.019629249352700967,False,G01
2023-11-27,2023-11-28,0.0065409935570085,-0.02018568490926763,0.02018568490926763,False,G01
2023-11-28,2023-11-29,0.0129382353671259,-0.022558787923816104,0.022558787923816104,False,G01
2023-11-29,2023-11-30,-0.0073643732290581,-0.016689672620418174,0.016689672620418174,False,G01
2023-11-30,2023-12-01,0.0082395923829627,-0.016394238843289635,0.016394238843289635,False,G01
2023-12-01,2023-12-04,0.0221402555593758,-0.01643435044638173,0.01643435044638173,False,G01
2023-12-04,2023-12-05,0.0016745740213162,-0.014782359864411778,0.014782359864411778,False,G01
2023-12-05,2023-12-06,0.0129884595257326,-0.022470253262929115,0.022470253262929115,False,G01
2023-12-06,2023-12-07,-0.0033236610599616,-0.018718918800043217,0.018718918800043217,False,G01
2023-12-07,2023-12-08,0.0150492588668922,-0.018881143072272687,0.018881143072272687,False,G01
2023-12-08,2023-12-11,-0.0002857464951784,-0.02387578046944411,0.02387578046944411,False,G01
2023-12-11,2023-12-12,0.0116998647156552,-0.015241479048796688,0.015241479048796688,False,G01
2023-12-12,2023-12-13,-0.0188655193137406,-0.010169642470242,0.010169642470242,True,G01
2023-12-13,2023-12-14,-0.0010774681872047,-0.026319848318270535,0.026319848318270535,False,G01
2023-12-14,2023-12-15,-0.0097422740182738,-0.028127579829003626,0.028127579829003626,False,G01
2023-12-15,2023-12-18,-0.0195513426119977,-0.023632261664239002,0.023632261664239002,False,G01
2023-12-18,2023-12-19,0.0185442767197433,-0.023357729836788296,0.023357729836788296,False,G01
2023-12-19,2023-12-20,0.0146455891949909,-0.016159818618931024,0.016159818618931024,False,G01
2023-12-20,2023-12-21,0.0033732191013362,-0.01373460133648018,0.01373460133648018,False,G01
2023-12-21,2023-12-22,-0.0060963695723643,-0.019024004067706747,0.019024004067706747,False,G01
2023-12-22,2023-12-25,0.0124082336328947,-0.017349481490765647,0.017349481490765647,False,G01
2023-12-25,2023-12-26,0.0087228855793268,-0.014580023989090207,0.014580023989090207,False,G01
2023-12-26,2023-12-27,-0.0003614601351741,-0.015056891691862483,0.015056891691862483,False,G01
2023-12-27,2023-12-28,0.0027975025640321,-0.015851524825517074,0.015851524825517074,False,G01
2023-12-28,2023-12-29,-0.0036502474700669,-0.020143524233098477,0.020143524233098477,False,G01
2023-12-29,2024-01-02,-0.0092483697468886,-0.013817129310426553,0.013817129310426553,False,G01
2024-01-02,2024-01-03,0.011399925579851,-0.014580023989090207,0.014580023989090207,False,G01
2024-01-03,2024-01-04,0.0025836795266315,-0.033707211941461576,0.033707211941461576,False,G01
2024-01-04,2024-01-05,0.0062463670342195,-0.015056891691862483,0.015056891691862483,False,G01
2024-01-05,2024-01-08,-0.0045946094815102,-0.017526047402458174,0.017526047402458174,False,G01
2024-01-08,2024-01-09,-0.0082143646413126,-0.01373460133648018,0.01373460133648018,False,G01
2024-01-09,2024-01-10,-0.0141314944689594,-0.015491651887367652,0.015491651887367652,False,G01
2024-01-10,2024-01-11,0.0044328309811741,-0.015056891691862483,0.015056891691862483,False,G01
2024-01-11,2024-01-12,-0.0096964515912262,-0.016696947478127104,0.016696947478127104,False,G01
2024-01-12,2024-01-15,0.0098718215909379,-0.019155674899723394,0.019155674899723394,False,G01
2024-01-15,2024-01-16,0.0205142441294177,-0.017526047402458174,0.017526047402458174,False,G01
2024-01-16,2024-01-17,0.0027570202412817,-0.019521346860351948,0.019521346860351948,False,G01
2024-01-17,2024-01-18,0.006706284447455,-0.020010346159150365,0.020010346159150365,False,G01
2024-01-18,2024-01-19,0.0056816726170922,-0.017526047402458174,0.017526047402458174,False,G01
2024-01-19,2024-01-22,0.0070468127692916,-0.01710461265481202,0.01710461265481202,False,G01
2024-01-22,2024-01-23,-0.0076553052794819,-0.015056891691862483,0.015056891691862483,False,G01
2024-01-23,2024-01-24,-0.0104403838350971,-0.023427747784624513,0.023427747784624513,False,G01
2024-01-24,2024-01-25,0.0063426801873525,-0.024477684316849033,0.024477684316849033,False,G01
2024-01-25,2024-01-26,0.001642785585167,-0.015298435687647157,0.015298435687647157,False,G01
2024-01-26,2024-01-29,-0.0062390656235683,-0.017044396223102116,0.017044396223102116,False,G01
2024-01-29,2024-01-30,0.0049168229731659,-0.012060078759539085,0.012060078759539085,False,G01
2024-01-30,2024-01-31,-0.0055059302710746,-0.020143524233098477,0.020143524233098477,False,G01
2024-01-31,2024-02-01,0.0247057353824299,-0.01783338454434109,0.01783338454434109,False,G01
2024-02-01,2024-02-02,0.0162005825780483,-0.01610228431214271,0.01610228431214271,False,G01
2024-02-02,2024-02-05,0.0061717553457424,-0.01950087177047902,0.01950087177047902,False,G01
2024-02-05,2024-02-06,-0.0004011974601699,-0.019869426720316778,0.019869426720316778,False,G01
2024-02-06,2024-02-07,0.00100495582474,-0.018718918800043217,0.018718918800043217,False,G01
2024-02-07,2024-02-15,-0.001723854873404,-0.020988946885708508,0.020988946885708508,False,G01
2024-02-15,2024-02-16,0.0055493063401613,-0.014211469039252456,0.014211469039252456,False,G01
2024-02-16,2024-02-19,0.0103545894415427,-0.014094266610168103,0.014094266610168103,False,G01
2024-02-19,2024-02-20,-0.0022424482258277,-0.013936937211801753,0.013936937211801753,False,G01
2024-02-20,2024-02-21,-0.0043818206434664,-0.015287138007753151,0.015287138007753151,False,G01
2024-02-21,2024-02-22,-0.0127907402434262,-0.015056891691862483,0.015056891691862483,False,G01
2024-02-22,2024-02-23,-0.0135613358137871,-0.024954552019621306,0.024954552019621306,False,G01
2024-02-23,2024-02-26,0.020516839577511,-0.01399389385065222,0.01399389385065222,False,G01
2024-02-26,2024-02-27,0.0205161356038269,-0.019766677327974814,0.019766677327974814,False,G01
2024-02-27,2024-02-28,0.0087459778981719,-0.013936937211801753,0.013936937211801753,False,G01
2024-02-28,2024-02-29,0.0124563235867454,-0.020010346159150365,0.020010346159150365,False,G01
2024-02-29,2024-03-01,0.0068362966810266,-0.01950087177047902,0.01950087177047902,False,G01
2024-03-01,2024-03-04,0.0070307744658963,-0.015968519590139924,0.015968519590139924,False,G01
2024-03-04,2024-03-05,0.0198253245639566,-0.015968519590139924,0.015968519590139924,False,G01
2024-03-05,2024-03-06,-0.0170938294346607,-0.015693987762689217,0.015693987762689217,True,G01
2024-03-06,2024-03-07,0.0108719050862041,-0.023325123150889224,0.023325123150889224,False,G01
2024-03-07,2024-03-08,-0.0199278228989799,-0.02058123698430969,0.02058123698430969,False,G01
2024-03-08,2024-03-11,-0.0138210654802796,-0.01840602314343624,0.01840602314343624,False,G01
2024-03-11,2024-03-12,0.0115869072703465,-0.03446021647425763,0.03446021647425763,False,G01
2024-03-12,2024-03-13,0.0347659067290206,-0.019735814331699658,0.019735814331699658,False,G01
2024-03-13,2024-03-14,-0.0139475973569439,-0.024469190572187834,0.024469190572187834,False,G01
2024-03-14,2024-03-15,-0.0047102706962319,-0.023357729836788296,0.023357729836788296,False,G01
2024-03-15,2024-03-18,-0.024402876679069,-0.01953347845637809,0.01953347845637809,True,G01
2024-03-18,2024-03-19,-0.003681486655586,-0.026650423708892163,0.026650423708892163,False,G01
2024-03-19,2024-03-20,0.0281122932735289,-0.013209689005997014,0.013209689005997014,False,G01
2024-03-20,2024-03-21,0.0112160263596721,-0.017348023096907618,0.017348023096907618,False,G01
2024-03-21,2024-03-22,0.0035946253824189,-0.01953347845637809,0.01953347845637809,False,G01
2024-03-22,2024-03-25,-0.0118458194383208,-0.01373460133648018,0.01373460133648018,False,G01
2024-03-25,2024-03-26,0.0092019491029577,-0.020258601826791935,0.020258601826791935,False,G01
2024-03-26,2024-03-27,0.0151340553113619,-0.011199652479786236,0.011199652479786236,False,G01
2024-03-27,2024-03-28,0.0070267048251458,-0.007133674586357538,0.007133674586357538,False,G01
2024-03-28,2024-03-29,-0.0043538987375982,-0.014580023989090207,0.014580023989090207,False,G01
2024-03-29,2024-04-01,0.0012054552164804,-0.02053313365424264,0.02053313365424264,False,G01
2024-04-01,2024-04-02,0.0051104567331274,-0.013791557975330647,0.013791557975330647,False,G01
2024-04-02,2024-04-03,-0.0194932408953478,-0.01953347845637809,0.01953347845637809,False,G01
2024-04-03,2024-04-04,-0.0035797797412202,-0.024477684316849033,0.024477684316849033,False,G01
2024-04-04,2024-04-05,-0.0005779501046142,-0.023632261664239002,0.023632261664239002,False,G01
2024-04-05,2024-04-08,-0.0081153384154923,-0.02284825544811695,0.02284825544811695,False,G01
2024-04-08,2024-04-09,0.0232139340084989,-0.02018568490926763,0.02018568490926763,False,G01
2024-04-09,2024-04-10,-0.0055240891750562,-0.013460069509029476,0.013460069509029476,False,G01
2024-04-10,2024-04-11,0.0080050340884432,-0.021347693310577516,0.021347693310577516,False,G01
2024-04-11,2024-04-12,0.0003036580230672,-0.017248910102716605,0.017248910102716605,False,G01
2024-04-12,2024-04-15,-0.0406603801471682,-0.017044396223102116,0.017044396223102116,True,G01
2024-04-15,2024-04-16,0.0022742695932165,-0.04910719763273099,0.04910719763273099,False,G01
2024-04-16,2024-04-17,-0.0109563680554463,-0.01950087177047902,0.01950087177047902,False,G01
2024-04-17,2024-04-19,-0.018866418107036,-0.03661312375173744,0.03661312375173744,False,G01
2024-04-19,2024-04-22,0.0091949857467764,-0.01399389385065222,0.01399389385065222,False,G01
2024-04-22,2024-04-23,0.0095323592753889,-0.024966860503877142,0.024966860503877142,False,G01
2024-04-23,2024-04-24,0.0543731454656875,-0.018035720419662657,0.018035720419662657,False,G01
2024-04-24,2024-04-25,0.0152286047609058,-0.044607634086423834,0.044607634086423834,False,G01
2024-04-25,2024-04-26,0.0050917792000099,-0.027054162602732947,0.027054162602732947,False,G01
2024-04-26,2024-05-02,0.0146217653878146,-0.015217120059916942,0.015217120059916942,False,G01
2024-05-02,2024-05-03,0.0006149362909541,-0.019735814331699658,0.019735814331699658,False,G01
2024-05-03,2024-05-06,0.027621878518948,-0.009895110642791296,0.009895110642791296,False,G01
2024-05-06,2024-05-07,0.0250156332645892,-0.019258946628927385,0.019258946628927385,False,G01
2024-05-07,2024-05-08,0.004172126179043,-0.02058123698430969,0.02058123698430969,False,G01
2024-05-08,2024-05-09,-0.005665651558888,-0.020855768811760395,0.020855768811760395,False,G01
2024-05-09,2024-05-10,0.0017715419501133,-0.019564341452653247,0.019564341452653247,False,G01
2024-05-10,2024-05-13,-0.0094762696735039,-0.01959043509522856,0.01959043509522856,False,G01
2024-05-13,2024-05-14,0.0123959593094317,-0.02018568490926763,0.02018568490926763,False,G01
2024-05-14,2024-05-15,0.0241679991963664,-0.013460069509029476,0.013460069509029476,False,G01
2024-05-15,2024-05-16,0.0026095954708027,-0.013936937211801753,0.013936937211801753,False,G01
2024-05-16,2024-05-17,-0.0038919346371963,-0.018718918800043217,0.018718918800043217,False,G01
2024-05-17,2024-05-20,0.0027150567902941,-0.018718918800043217,0.018718918800043217,False,G01
2024-05-20,2024-05-21,0.0087249989463051,-0.02010611705547324,0.02010611705547324,False,G01
2024-05-21,2024-05-22,0.0019376361000815,-0.014982177498696297,0.014982177498696297,False,G01
2024-05-22,2024-05-23,0.0165932916324212,-0.01399389385065222,0.01399389385065222,False,G01
2024-05-23,2024-05-24,-0.0285325300372845,-0.020071762595638344,0.020071762595638344,True,G01
2024-05-24,2024-05-27,-0.0004711162549743,-0.026650423708892163,0.026650423708892163,False,G01
2024-05-27,2024-05-28,0.0218475429220355,-0.017526047402458174,0.017526047402458174,False,G01
2024-05-28,2024-05-29,-0.0148998297668624,-0.019258946628927385,0.019258946628927385,False,G01
2024-05-29,2024-05-30,0.0068901211322012,-0.01959043509522856,0.01959043509522856,False,G01
2024-05-30,2024-05-31,0.0073790531396718,-0.018035720419662657,0.018035720419662657,False,G01
2024-05-31,2024-06-03,0.0125200191927479,-0.02219572143547841,0.02219572143547841,False,G01
2024-06-03,2024-06-04,0.0076820133042067,-0.010169642470242,0.010169642470242,False,G01
2024-06-04,2024-06-05,-0.0076083089388085,-0.020010346159150365,0.020010346159150365,False,G01
2024-06-05,2024-06-06,-0.0011313018768874,-0.019735814331699658,0.019735814331699658,False,G01
2024-06-06,2024-06-07,0.0067839286324276,-0.018718918800043217,0.018718918800043217,False,G01
2024-06-07,2024-06-10,0.0095640255744753,-0.011809698256506622,0.011809698256506622,False,G01
2024-06-10,2024-06-11,-0.0002059050854298,-0.022558787923816104,0.022558787923816104,False,G01
2024-06-11,2024-06-12,0.0260877103123863,-0.01783338454434109,0.01783338454434109,False,G01
2024-06-12,2024-06-13,-0.0029379626177712,-0.019735814331699658,0.019735814331699658,False,G01
2024-06-13,2024-06-14,-0.0072295781287423,-0.025320223980249863,0.025320223980249863,False,G01
2024-06-14,2024-06-17,-0.0068668270610379,-0.02420490026333415,0.02420490026333415,False,G01
2024-06-17,2024-06-18,-0.0016220853557602,-0.02383459753956057,0.02383459753956057,False,G01
2024-06-18,2024-06-19,0.0145350776676598,-0.014677092231032756,0.014677092231032756,False,G01
2024-06-19,2024-06-20,0.0056167710448199,-0.019735814331699658,0.019735814331699658,False,G01
2024-06-20,2024-06-21,0.0034844301085242,-0.020010346159150365,0.020010346159150365,False,G01
2024-06-21,2024-06-24,-0.0216469998528922,-0.018718918800043217,0.018718918800043217,True,G01
2024-06-24,2024-06-25,-0.0053111231818456,-0.023813245259548876,0.023813245259548876,False,G01
2024-06-25,2024-06-26,0.0101818042121089,-0.018002915105230447,0.018002915105230447,False,G01
2024-06-26,2024-06-27,0.0061773036862317,-0.01953347845637809,0.01953347845637809,False,G01
2024-06-27,2024-06-28,-0.0146575587492205,-0.018718918800043217,0.018718918800043217,False,G01
2024-06-28,2024-07-01,0.0137790527273147,-0.01727414706204266,0.01727414706204266,False,G01
2024-07-01,2024-07-02,0.0036071050236831,-0.013936937211801753,0.013936937211801753,False,G01
2024-07-02,2024-07-03,0.0058929255546665,-0.020104369281537415,0.020104369281537415,False,G01
2024-07-03,2024-07-04,0.0095339482127314,-0.019024004067706747,0.019024004067706747,False,G01
2024-07-04,2024-07-05,0.0092200396755567,-0.033707211941461576,0.033707211941461576,False,G01
2024-07-05,2024-07-08,0.0110248407186978,-0.020378901108988122,0.020378901108988122,False,G01
2024-07-08,2024-07-09,-0.0037154960541724,-0.015491651887367652,0.015491651887367652,False,G01
2024-07-09,2024-07-10,-0.0170817311972603,-0.020855768811760395,0.020855768811760395,False,G01
2024-07-10,2024-07-11,-0.0057625505279677,-0.024479432090784858,0.024479432090784858,False,G01
2024-07-11,2024-07-12,-0.0020340758665086,-0.0190892215238168,0.0190892215238168,False,G01
2024-07-12,2024-07-15,-0.0057568957805702,-0.023632261664239002,0.023632261664239002,False,G01
2024-07-15,2024-07-16,0.0021763786509986,-0.016086901701406718,0.016086901701406718,False,G01
2024-07-16,2024-07-17,-0.0113082115544183,-0.011450032982818699,0.011450032982818699,False,G01
2024-07-17,2024-07-18,0.0001559798236947,-0.02446084027019911,0.02446084027019911,False,G01
2024-07-18,2024-07-19,-0.0042295060037718,-0.020010346159150365,0.020010346159150365,False,G01
2024-07-19,2024-07-22,-0.0082977426255588,-0.023122787275567658,0.023122787275567658,False,G01
2024-07-22,2024-07-23,-0.0135822503530146,-0.023632261664239002,0.023632261664239002,False,G01
2024-07-23,2024-07-24,-0.0056740987740725,-0.023357729836788296,0.023357729836788296,False,G01
2024-07-24,2024-07-25,-0.0090479261271676,-0.02204032477062176,0.02204032477062176,False,G01
2024-07-25,2024-07-26,0.0091525766930103,-0.0193402622566576,0.0193402622566576,False,G01
2024-07-26,2024-07-29,0.0136012898676336,-0.017248910102716605,0.017248910102716605,False,G01
2024-07-29,2024-07-30,0.00280771711279,-0.01317536385418174,0.01317536385418174,False,G01
2024-07-30,2024-07-31,-0.0025484057970421,-0.01727977309899176,0.01727977309899176,False,G01
2024-07-31,2024-08-01,-0.024838280179164,-0.01373460133648018,0.01373460133648018,True,G01
2024-08-01,2024-08-02,0.0069177092768896,-0.02530626292280914,0.02530626292280914,False,G01
2024-08-02,2024-08-05,-0.0352636553481193,-0.020071762595638344,0.020071762595638344,True,G01
2024-08-05,2024-08-06,0.0144121659417245,-0.0293929424574753,0.0293929424574753,False,G01
2024-08-06,2024-08-07,6.044660776116661e-05,-0.018371470055068204,0.018371470055068204,False,G01
2024-08-07,2024-08-08,-0.0067644074025787,-0.014682241566498257,0.014682241566498257,False,G01
2024-08-08,2024-08-09,0.0380007745017299,-0.024477684316849033,0.024477684316849033,False,G01
2024-08-09,2024-08-12,0.0106310369090434,-0.01989159315771619,0.01989159315771619,False,G01
2024-08-12,2024-08-13,-0.0060287831572782,-0.014982177498696297,0.014982177498696297,False,G01
2024-08-13,2024-08-14,-0.0002796915558517,-0.020378901108988122,0.020378901108988122,False,G01
2024-08-14,2024-08-15,-0.008916039901147,-0.015241479048796688,0.015241479048796688,False,G01
2024-08-15,2024-08-16,0.0259486565352284,-0.01791591251828746,0.01791591251828746,False,G01
2024-08-16,2024-08-19,0.0029087162035138,-0.014782359864411778,0.014782359864411778,False,G01
2024-08-19,2024-08-20,0.004403645555919,-0.017526047402458174,0.017526047402458174,False,G01
2024-08-20,2024-08-21,0.0110941798692745,-0.01953347845637809,0.01953347845637809,False,G01
2024-08-21,2024-08-22,-0.0034628477519495,-0.014211469039252456,0.014211469039252456,False,G01
2024-08-22,2024-08-23,0.0020735818480939,-0.013484220833447717,0.013484220833447717,False,G01
2024-08-23,2024-08-26,-0.0056343013233524,-0.01758485836665529,0.01758485836665529,False,G01
2024-08-26,2024-08-27,-0.0005589779657042,-0.03457872823664692,0.03457872823664692,False,G01
2024-08-27,2024-08-28,-0.0005993316593435,-0.009692774767469723,0.009692774767469723,False,G01
2024-08-28,2024-08-29,-0.0016696015619562,-0.01785895587943699,0.01785895587943699,False,G01
2024-08-29,2024-08-30,0.0047209925025592,-0.017044396223102116,0.017044396223102116,False,G01
2024-08-30,2024-09-04,-0.0109475302274186,-0.014344647113200566,0.014344647113200566,False,G01
2024-09-04,2024-09-05,-0.0145024168135512,-0.023632261664239002,0.023632261664239002,False,G01
2024-09-05,2024-09-06,0.0090063873731622,-0.018310252247113364,0.018310252247113364,False,G01
2024-09-06,2024-09-09,-0.0018479155145194,-0.018718918800043217,0.018718918800043217,False,G01
2024-09-09,2024-09-10,-0.0077894805198032,-0.022817702007904127,0.022817702007904127,False,G01
2024-09-10,2024-09-11,0.0042084993967816,-0.023632261664239002,0.023632261664239002,False,G01
2024-09-11,2024-09-12,-0.0003190340855614,-0.019024004067706747,0.019024004067706747,False,G01
2024-09-12,2024-09-13,-0.0011266001573628,-0.017889818875712147,0.017889818875712147,False,G01
2024-09-13,2024-09-16,-0.0122070384018379,-0.018443430321061476,0.018443430321061476,False,G01
2024-09-16,2024-09-17,0.0135082312031119,-0.02053313365424264,0.02053313365424264,False,G01
2024-09-17,2024-09-18,0.0093277539655424,-0.01373460133648018,0.01373460133648018,False,G01
2024-09-18,2024-09-19,0.0034458108333098,-0.01458177176302604,0.01458177176302604,False,G01
2024-09-19,2024-09-20,0.0046068374551948,-0.019328964576763603,0.019328964576763603,False,G01
2024-09-20,2024-09-23,-0.0061210837300026,-0.014211469039252456,0.014211469039252456,False,G01
2024-09-23,2024-09-24,0.0070980463748147,-0.017583004041308643,0.017583004041308643,False,G01
2024-09-24,2024-09-25,0.0082278333025297,-0.01870437853204702,0.01870437853204702,False,G01
2024-09-25,2024-09-26,-0.0050451082957279,-0.01566693746858287,0.01566693746858287,False,G01
2024-09-26,2024-09-27,-0.004188710212491,-0.019328964576763603,0.019328964576763603,False,G01
2024-09-27,2024-09-30,0.0076534631878305,-0.014211469039252456,0.014211469039252456,False,G01
2024-09-30,2024-10-01,0.0069399594233064,-0.02413999236328643,0.02413999236328643,False,G01
2024-10-01,2024-10-02,-0.0087113168952345,-0.01566693746858287,0.01566693746858287,False,G01
2024-10-02,2024-10-03,-0.0102390848432361,-0.02754475420813897,0.02754475420813897,False,G01
2024-10-03,2024-10-04,0.0007338895435772,-0.018310252247113364,0.018310252247113364,False,G01
2024-10-04,2024-10-07,0.0021025763014691,-0.019950308033377984,0.019950308033377984,False,G01
2024-10-07,2024-10-08,0.0006807519293277,-0.018194904143375677,0.018194904143375677,False,G01
2024-10-08,2024-10-09,0.0057067128413433,-0.014211469039252456,0.014211469039252456,False,G01
2024-10-09,2024-10-10,0.0167226689703284,-0.014211469039252456,0.014211469039252456,False,G01
2024-10-10,2024-10-11,-0.0070183756018283,-0.013936937211801753,0.013936937211801753,False,G01
2024-10-11,2024-10-14,-0.0123863653819343,-0.017526047402458174,0.017526047402458174,False,G01
2024-10-14,2024-10-15,0.0038688580251147,-0.020010346159150365,0.020010346159150365,False,G01
2024-10-15,2024-10-16,0.0033572698479854,-0.024477684316849033,0.024477684316849033,False,G01
2024-10-16,2024-10-17,0.0052028444141178,-0.020174387229373633,0.020174387229373633,False,G01
2024-10-17,2024-10-18,-0.0042538436060043,-0.020143524233098477,0.020143524233098477,False,G01
2024-10-18,2024-10-21,-0.0056633105258353,-0.017044396223102116,0.017044396223102116,False,G01
2024-10-21,2024-10-22,-0.0045299350880716,-0.02083821892190617,0.02083821892190617,False,G01
2024-10-22,2024-10-23,-0.0027723504385511,-0.018310252247113364,0.018310252247113364,False,G01
2024-10-23,2024-10-24,-0.0013005337699335,-0.016086901701406718,0.016086901701406718,False,G01
2024-10-24,2024-10-25,-0.0002466425878262,-0.021448264698626558,0.021448264698626558,False,G01
2024-10-25,2024-10-28,0.0059911752197205,-0.021143179430963027,0.021143179430963027,False,G01
2024-10-28,2024-10-29,0.0101830635606544,-0.01785895587943699,0.01785895587943699,False,G01
2024-10-29,2024-10-30,-0.0019346292971645,-0.014344647113200566,0.014344647113200566,False,G01
2024-10-30,2024-10-31,0.0011685856694223,-0.021143179430963027,0.021143179430963027,False,G01
2024-10-31,2024-11-01,-0.0099823771850019,-0.017044396223102116,0.017044396223102116,False,G01
2024-11-01,2024-11-04,-0.0120914665017177,-0.01892029802383375,0.01892029802383375,False,G01
2024-11-04,2024-11-05,0.0046320153205518,-0.024477684316849033,0.024477684316849033,False,G01
2024-11-05,2024-11-06,0.0106347169296459,-0.015851524825517074,0.015851524825517074,False,G01
2024-11-06,2024-11-07,0.0001673739644468,-0.014580023989090207,0.014580023989090207,False,G01
2024-11-07,2024-11-08,0.0004113183152858,-0.01373460133648018,0.01373460133648018,False,G01
2024-11-08,2024-11-11,0.0044706592965746,-0.023632261664239002,0.023632261664239002,False,G01
2024-11-11,2024-11-12,-0.0176711176738705,-0.013936937211801753,0.013936937211801753,True,G01
2024-11-12,2024-11-13,0.0031095249344387,-0.018978211314215253,0.018978211314215253,False,G01
2024-11-13,2024-11-14,-0.0168946736521861,-0.01950087177047902,0.01950087177047902,False,G01
2024-11-14,2024-11-15,-0.0178930068716532,-0.024109129367011276,0.024109129367011276,False,G01
2024-11-15,2024-11-18,-0.0065352297526547,-0.018310252247113364,0.018310252247113364,False,G01
2024-11-18,2024-11-19,-0.0223267841982983,-0.019735814331699658,0.019735814331699658,True,G01
2024-11-19,2024-11-20,0.0040410667409221,-0.02383459753956057,0.02383459753956057,False,G01
2024-11-20,2024-11-21,0.0157815526142645,-0.02176475987150638,0.02176475987150638,False,G01
2024-11-21,2024-11-22,0.0072413949559723,-0.017526047402458174,0.017526047402458174,False,G01
2024-11-22,2024-11-25,0.0025773195876289,-0.01953347845637809,0.01953347845637809,False,G01
2024-11-25,2024-11-26,0.0095729900483854,-0.015851524825517074,0.015851524825517074,False,G01
2024-11-26,2024-11-27,0.0095750821072508,-0.009692774767469723,0.009692774767469723,False,G01
2024-11-27,2024-11-28,0.0012581914335936,-0.010169642470242,0.010169642470242,False,G01
2024-11-28,2024-11-29,0.0189467541969973,-0.01953347845637809,0.01953347845637809,False,G01
2024-11-29,2024-12-02,-0.0012923720881965,-0.014782359864411778,0.014782359864411778,False,G01
2024-12-02,2024-12-03,0.0046068236587585,-0.019564341452653247,0.019564341452653247,False,G01
2024-12-03,2024-12-04,-0.0165958564096989,-0.01953347845637809,0.01953347845637809,False,G01
2024-12-04,2024-12-05,0.0425239485933109,-0.01783338454434109,0.01783338454434109,False,G01
2024-12-05,2024-12-06,-9.629932821238658e-05,-0.02395434331019943,0.02395434331019943,False,G01
2024-12-06,2024-12-09,-0.0051000024157417,-0.018718918800043217,0.018718918800043217,False,G01
2024-12-09,2024-12-10,0.0071346428798838,-0.018718918800043217,0.018718918800043217,False,G01
2024-12-10,2024-12-11,-0.0039488659845984,-0.01373460133648018,0.01373460133648018,False,G01
2024-12-11,2024-12-12,-0.0037275806824097,-0.01959043509522856,0.01959043509522856,False,G01
2024-12-12,2024-12-13,0.000408957469829,-0.01953347845637809,0.01953347845637809,False,G01
2024-12-13,2024-12-16,-0.0015989510993937,-0.0289421394853385,0.0289421394853385,False,G01
2024-12-16,2024-12-17,-0.0080539434737428,-0.01643435044638173,0.01643435044638173,False,G01
